order_region,order_day,daily_delay,rolling_30_day_delay
Canada,2016-08-27,1.0,1.0
Canada,2016-08-28,1.0,1.0
Canada,2016-08-30,1.0,1.0
Canada,2016-09-03,2.0,1.25
Canada,2016-09-04,1.53,1.31
Canada,2016-09-05,1.0,1.25
Canada,2016-09-07,1.0,1.22
Canada,2016-09-08,1.23,1.22
Canada,2016-09-11,1.8,1.28
Canada,2016-09-14,2.0,1.36
Canada,2016-09-16,1.36,1.36
Canada,2016-09-20,3.0,1.49
Canada,2016-09-21,2.5,1.57
Canada,2016-09-22,1.07,1.54
Canada,2016-09-25,1.0,1.5
Canada,2016-09-26,1.6,1.51
Canada,2016-09-28,4.0,1.65
Canada,2016-09-29,1.0,1.62
Canada,2016-09-30,1.0,1.58
Canada,2016-10-02,2.0,1.6
Canada,2016-10-03,1.0,1.58
Canada,2016-10-04,1.0,1.55
Canada,2016-10-05,1.0,1.53
Canada,2016-10-06,2.29,1.56
Canada,2016-10-07,1.0,1.54
Canada,2016-10-08,1.3,1.53
Canada,2016-10-09,2.0,1.54
Canada,2016-10-11,2.0,1.56
Canada,2016-10-17,1.0,1.54
Canada,2016-10-18,1.0,1.52
Canada,2016-10-21,2.71,1.58
Canada,2016-10-31,1.09,1.58
Canada,2016-11-02,1.4,1.6
Canada,2016-11-03,1.0,1.56
Canada,2016-11-04,2.0,1.58
Canada,2016-11-05,1.17,1.58
Canada,2016-11-06,2.88,1.65
Canada,2016-11-07,2.2,1.68
Canada,2016-11-08,1.0,1.65
Canada,2016-11-11,1.0,1.62
Canada,2016-11-13,1.0,1.61
Canada,2016-11-16,4.0,1.64
Canada,2016-11-17,3.0,1.66
Canada,2016-11-18,2.83,1.72
Canada,2016-11-20,2.0,1.75
Canada,2016-11-21,2.0,1.76
Canada,2016-11-22,2.17,1.7
Canada,2016-11-23,2.79,1.76
Canada,2016-11-26,2.36,1.81
Canada,2016-11-27,1.0,1.77
Canada,2016-11-28,2.0,1.81
Canada,2016-12-01,1.42,1.82
Canada,2016-12-04,1.0,1.82
Canada,2016-12-05,1.0,1.78
Canada,2016-12-07,1.36,1.79
Canada,2016-12-08,1.2,1.79
Canada,2016-12-11,1.0,1.75
Canada,2016-12-13,1.6,1.74
Canada,2016-12-14,2.0,1.77
Canada,2016-12-15,2.0,1.81
Canada,2016-12-17,1.67,1.77
Canada,2016-12-18,1.0,1.77
Canada,2016-12-21,2.0,1.79
Canada,2016-12-24,4.0,1.89
Canada,2016-12-25,2.56,1.91
Canada,2016-12-26,1.0,1.9
Canada,2016-12-28,2.0,1.87
Canada,2016-12-29,1.07,1.83
Canada,2016-12-31,1.67,1.86
Canada,2017-01-01,1.33,1.87
Canada,2017-01-04,1.0,1.87
Canada,2017-01-06,1.38,1.78
Canada,2017-01-08,1.0,1.71
Canada,2017-01-09,2.3,1.7
Canada,2017-01-11,1.0,1.66
Canada,2017-01-12,1.0,1.63
Canada,2017-01-13,1.25,1.6
Canada,2017-01-14,3.0,1.61
Canada,2017-01-15,1.0,1.56
Caribbean,2015-01-01,1.8,1.8
Caribbean,2015-01-02,2.5,2.15
Caribbean,2015-01-03,1.79,2.03
Caribbean,2015-01-04,1.73,1.96
Caribbean,2015-01-05,2.0,1.96
Caribbean,2015-01-06,1.71,1.92
Caribbean,2015-01-07,1.0,1.79
Caribbean,2015-01-08,1.88,1.8
Caribbean,2015-01-09,1.2,1.73
Caribbean,2015-01-10,1.13,1.67
Caribbean,2015-01-11,1.64,1.67
Caribbean,2015-01-12,1.63,1.67
Caribbean,2015-01-13,1.54,1.66
Caribbean,2015-01-14,1.79,1.67
Caribbean,2015-01-15,1.11,1.63
Caribbean,2015-01-16,1.71,1.63
Caribbean,2015-01-17,1.86,1.65
Caribbean,2015-01-18,1.28,1.63
Caribbean,2015-01-19,2.13,1.65
Caribbean,2015-01-20,1.38,1.64
Caribbean,2015-01-21,2.0,1.66
Caribbean,2015-01-22,2.0,1.67
Caribbean,2015-01-23,1.25,1.65
Caribbean,2015-01-24,1.91,1.66
Caribbean,2015-01-25,2.38,1.69
Caribbean,2015-01-26,2.36,1.72
Caribbean,2015-01-27,1.0,1.69
Caribbean,2015-01-28,1.08,1.67
Caribbean,2015-01-29,1.6,1.67
Caribbean,2015-01-30,1.38,1.66
Caribbean,2015-01-31,1.0,1.63
Caribbean,2015-02-01,3.25,1.66
Caribbean,2015-02-02,1.63,1.65
Caribbean,2015-02-03,1.19,1.63
Caribbean,2015-02-04,1.89,1.63
Caribbean,2015-02-05,1.5,1.62
Caribbean,2015-02-06,1.57,1.64
Caribbean,2015-02-07,1.29,1.62
Caribbean,2015-02-08,2.33,1.66
Caribbean,2015-02-09,1.59,1.67
Caribbean,2015-02-10,1.85,1.68
Caribbean,2015-02-11,1.7,1.68
Caribbean,2015-02-12,1.73,1.69
Caribbean,2015-02-13,1.25,1.67
Caribbean,2015-02-14,1.5,1.69
Caribbean,2015-02-15,1.67,1.68
Caribbean,2015-02-16,1.67,1.68
Caribbean,2015-02-17,1.26,1.68
Caribbean,2015-02-18,2.0,1.67
Caribbean,2015-02-19,1.35,1.67
Caribbean,2015-02-20,1.25,1.65
Caribbean,2015-02-21,1.4,1.63
Caribbean,2015-02-22,1.5,1.64
Caribbean,2015-02-23,2.0,1.64
Caribbean,2015-02-24,1.0,1.59
Caribbean,2015-02-25,1.5,1.56
Caribbean,2015-02-26,1.9,1.59
Caribbean,2015-02-27,1.15,1.6
Caribbean,2015-02-28,1.44,1.59
Caribbean,2015-03-01,1.37,1.59
Caribbean,2015-03-02,1.29,1.6
Caribbean,2015-03-03,1.43,1.54
Caribbean,2015-03-04,1.19,1.53
Caribbean,2015-03-05,1.5,1.54
Caribbean,2015-03-06,1.83,1.53
Caribbean,2015-03-07,1.44,1.53
Caribbean,2015-03-08,1.41,1.53
Caribbean,2015-03-09,1.81,1.54
Caribbean,2015-03-10,2.0,1.53
Caribbean,2015-03-11,1.8,1.54
Caribbean,2015-03-13,2.38,1.56
Caribbean,2015-03-14,1.22,1.54
Caribbean,2015-03-15,1.85,1.54
Caribbean,2015-03-16,1.0,1.54
Caribbean,2015-03-17,2.08,1.56
Caribbean,2015-03-18,4.0,1.63
Caribbean,2015-03-19,2.33,1.66
Caribbean,2015-03-20,2.0,1.68
Caribbean,2015-03-21,1.7,1.67
Caribbean,2015-03-22,1.35,1.67
Caribbean,2015-03-23,1.55,1.68
Caribbean,2015-03-24,1.73,1.69
Caribbean,2015-03-25,2.0,1.71
Caribbean,2015-03-26,1.86,1.7
Caribbean,2015-03-27,1.59,1.72
Caribbean,2015-03-28,1.17,1.71
Caribbean,2015-03-29,1.19,1.69
Caribbean,2015-03-30,3.44,1.76
Caribbean,2015-03-31,1.5,1.77
Caribbean,2015-04-01,1.2,1.76
Caribbean,2015-04-02,1.67,1.77
Caribbean,2015-04-03,1.55,1.78
Caribbean,2015-04-04,2.06,1.81
Caribbean,2015-04-05,1.5,1.81
Caribbean,2015-04-06,1.47,1.79
Caribbean,2015-04-07,1.0,1.78
Caribbean,2015-04-08,1.56,1.78
Caribbean,2015-04-09,2.0,1.79
Caribbean,2015-04-10,1.03,1.76
Caribbean,2015-04-11,1.94,1.76
Caribbean,2015-04-12,2.5,1.77
Caribbean,2015-04-13,2.06,1.8
Caribbean,2015-04-14,1.89,1.8
Caribbean,2015-04-15,1.38,1.81
Caribbean,2015-04-16,1.0,1.77
Caribbean,2015-04-17,1.0,1.67
Caribbean,2015-04-18,1.27,1.64
Caribbean,2015-04-19,1.86,1.63
Caribbean,2015-04-20,1.82,1.64
Caribbean,2015-04-21,1.14,1.63
Caribbean,2015-04-22,2.0,1.65
Caribbean,2015-04-23,1.58,1.64
Caribbean,2015-04-24,1.11,1.61
Caribbean,2015-04-25,1.68,1.6
Caribbean,2015-04-26,1.24,1.59
Caribbean,2015-04-27,1.28,1.6
Caribbean,2015-04-28,1.43,1.6
Caribbean,2015-04-29,1.38,1.54
Caribbean,2015-04-30,2.36,1.56
Caribbean,2015-05-01,1.61,1.58
Caribbean,2015-05-02,1.67,1.58
Caribbean,2015-05-03,2.1,1.6
Caribbean,2015-05-04,1.9,1.59
Caribbean,2015-05-05,1.37,1.59
Caribbean,2015-05-06,1.52,1.59
Caribbean,2015-05-07,1.63,1.61
Caribbean,2015-05-08,1.83,1.62
Caribbean,2015-05-09,2.15,1.62
Caribbean,2015-05-10,1.0,1.62
Caribbean,2015-05-11,1.07,1.59
Caribbean,2015-05-12,1.0,1.54
Caribbean,2015-05-13,2.5,1.56
Caribbean,2015-05-14,1.5,1.55
Caribbean,2015-05-15,1.5,1.55
Caribbean,2015-05-16,1.25,1.56
Caribbean,2015-05-17,1.86,1.59
Caribbean,2015-05-18,1.5,1.59
Caribbean,2015-05-19,1.33,1.58
Caribbean,2015-05-20,2.18,1.59
Caribbean,2015-05-21,1.0,1.58
Caribbean,2015-05-22,2.5,1.6
Caribbean,2015-05-23,1.5,1.6
Caribbean,2015-05-24,2.9,1.66
Caribbean,2015-05-25,1.45,1.65
Caribbean,2017-01-19,1.25,1.65
Caribbean,2017-01-20,1.55,1.66
Caribbean,2017-01-21,2.15,1.68
Caribbean,2017-01-22,4.0,1.77
Caribbean,2017-01-24,1.6,1.75
Caribbean,2017-01-25,1.45,1.74
Caribbean,2017-01-26,2.12,1.76
Caribbean,2017-01-27,1.13,1.72
Caribbean,2017-01-28,1.0,1.69
Caribbean,2017-01-29,1.87,1.71
Caribbean,2017-01-30,1.67,1.71
Caribbean,2017-01-31,1.67,1.72
Caribbean,2017-02-01,1.05,1.69
Caribbean,2017-02-02,2.04,1.69
Caribbean,2017-02-03,1.28,1.7
Caribbean,2017-02-04,1.25,1.7
Caribbean,2017-02-05,1.76,1.73
Caribbean,2017-02-06,1.29,1.69
Caribbean,2017-02-07,1.5,1.69
Caribbean,2017-02-08,2.0,1.7
Caribbean,2017-02-10,2.9,1.76
Caribbean,2017-02-11,1.22,1.74
Caribbean,2017-02-12,1.27,1.73
Caribbean,2017-02-13,2.18,1.76
Caribbean,2017-02-14,2.53,1.77
Caribbean,2017-02-15,1.27,1.78
Caribbean,2017-02-16,2.1,1.76
Caribbean,2017-02-17,1.42,1.76
Caribbean,2017-02-18,1.0,1.7
Caribbean,2017-02-19,1.7,1.71
Caribbean,2017-02-20,1.63,1.72
Caribbean,2017-02-21,1.35,1.71
Caribbean,2017-02-22,1.68,1.7
Caribbean,2017-02-23,1.4,1.61
Caribbean,2017-02-24,1.67,1.61
Caribbean,2017-02-25,1.17,1.6
Caribbean,2017-02-26,1.0,1.57
Caribbean,2017-02-27,1.63,1.58
Caribbean,2017-02-28,2.29,1.63
Caribbean,2017-03-01,1.83,1.62
Caribbean,2017-03-02,1.29,1.61
Caribbean,2017-03-03,2.04,1.62
Caribbean,2017-03-04,1.63,1.64
Caribbean,2017-03-05,1.83,1.64
Caribbean,2017-03-06,3.27,1.7
Caribbean,2017-03-07,2.0,1.73
Caribbean,2017-03-08,1.71,1.73
Caribbean,2017-03-09,2.12,1.75
Caribbean,2017-03-10,1.33,1.75
Caribbean,2017-03-11,1.84,1.74
Caribbean,2017-03-12,1.32,1.69
Caribbean,2017-03-13,1.0,1.68
Caribbean,2017-03-14,2.22,1.71
Caribbean,2017-03-15,1.21,1.68
Caribbean,2017-03-16,1.63,1.65
Caribbean,2017-03-17,1.33,1.65
Caribbean,2017-03-18,1.17,1.62
Caribbean,2017-03-19,1.87,1.64
Caribbean,2017-03-20,1.39,1.65
Caribbean,2017-03-21,2.44,1.68
Caribbean,2017-03-22,1.38,1.67
Caribbean,2017-03-24,2.53,1.71
Caribbean,2017-03-25,1.48,1.7
Caribbean,2017-03-26,1.25,1.7
Caribbean,2017-03-27,1.44,1.69
Caribbean,2017-03-28,1.0,1.68
Caribbean,2017-03-29,1.25,1.69
Caribbean,2017-03-30,1.0,1.67
Caribbean,2017-03-31,2.27,1.67
Caribbean,2017-04-01,2.17,1.68
Caribbean,2017-04-02,1.53,1.69
Caribbean,2017-04-03,1.41,1.67
Caribbean,2017-04-04,3.25,1.72
Caribbean,2017-04-05,2.55,1.75
Caribbean,2017-04-06,1.0,1.67
Caribbean,2017-04-07,2.3,1.68
Caribbean,2017-04-08,1.14,1.66
Caribbean,2017-04-09,1.44,1.64
Caribbean,2017-04-10,1.31,1.64
Caribbean,2017-04-11,2.0,1.64
Caribbean,2017-04-12,1.76,1.66
Caribbean,2017-04-13,1.4,1.67
Caribbean,2017-04-14,1.44,1.64
Caribbean,2017-04-15,2.38,1.68
Caribbean,2017-04-16,1.15,1.67
Caribbean,2017-04-17,1.95,1.69
Caribbean,2017-04-18,1.73,1.71
Caribbean,2017-04-19,1.0,1.68
Caribbean,2017-04-20,1.36,1.68
Caribbean,2017-04-21,1.55,1.65
Caribbean,2017-04-22,1.0,1.64
Caribbean,2017-04-23,1.6,1.6
Caribbean,2017-04-24,1.0,1.59
Caribbean,2017-04-25,2.29,1.62
Caribbean,2017-04-26,2.0,1.64
Caribbean,2017-04-27,1.0,1.64
Caribbean,2017-04-28,2.0,1.67
Caribbean,2017-04-29,3.83,1.76
Caribbean,2017-04-30,2.18,1.76
Caribbean,2017-05-01,1.54,1.74
Caribbean,2017-05-02,1.11,1.72
Caribbean,2017-05-03,1.54,1.73
Caribbean,2017-05-04,2.07,1.69
Caribbean,2017-05-05,1.0,1.64
Caribbean,2017-05-06,2.21,1.68
Caribbean,2017-05-07,1.17,1.64
Caribbean,2017-05-08,1.6,1.65
Caribbean,2017-05-09,1.35,1.65
Caribbean,2017-05-10,1.44,1.66
Caribbean,2017-05-11,1.16,1.63
Caribbean,2017-05-12,1.41,1.62
Caribbean,2017-05-14,1.5,1.62
Caribbean,2017-05-15,1.21,1.61
Caribbean,2017-05-16,1.22,1.57
Caribbean,2017-05-17,1.0,1.57
Caribbean,2017-05-18,1.4,1.55
Caribbean,2017-05-19,1.9,1.55
Caribbean,2017-05-20,1.0,1.55
Caribbean,2017-05-21,1.0,1.54
Caribbean,2017-05-22,1.86,1.55
Caribbean,2017-05-23,1.61,1.57
Caribbean,2017-05-24,2.07,1.59
Caribbean,2017-05-25,1.17,1.59
Caribbean,2017-05-26,1.13,1.56
Caribbean,2017-05-27,1.83,1.55
Caribbean,2017-05-28,1.4,1.56
Caribbean,2017-05-29,1.56,1.55
Caribbean,2017-05-30,1.61,1.47
Caribbean,2017-05-31,2.0,1.47
Caribbean,2017-06-01,1.44,1.47
Caribbean,2017-06-02,1.31,1.47
Caribbean,2017-06-03,1.68,1.48
Caribbean,2017-06-04,1.21,1.45
Caribbean,2017-06-06,1.62,1.47
Caribbean,2017-06-07,1.0,1.43
Caribbean,2017-06-08,1.38,1.44
Caribbean,2017-06-09,1.0,1.42
Caribbean,2017-06-10,2.0,1.44
Caribbean,2017-06-11,1.18,1.43
Central Africa,2016-08-25,1.0,1.0
Central Africa,2016-08-26,1.0,1.0
Central Africa,2016-08-28,3.0,1.67
Central Africa,2016-08-29,2.63,1.91
Central Africa,2016-08-31,1.4,1.81
Central Africa,2016-09-01,1.0,1.67
Central Africa,2016-09-02,1.0,1.57
Central Africa,2016-09-03,1.0,1.5
Central Africa,2016-09-04,1.5,1.5
Central Africa,2016-09-05,1.0,1.45
Central Africa,2016-09-06,1.67,1.47
Central Africa,2016-09-09,3.8,1.67
Central Africa,2016-09-10,2.29,1.71
Central Africa,2016-09-11,1.44,1.69
Central Africa,2016-09-12,2.2,1.73
Central Africa,2016-09-13,1.2,1.7
Central Africa,2016-09-14,1.73,1.7
Central Africa,2016-09-15,2.09,1.72
Central Africa,2016-09-16,1.65,1.72
Central Africa,2016-09-17,1.0,1.68
Central Africa,2016-09-18,1.71,1.68
Central Africa,2016-09-20,2.42,1.71
Central Africa,2016-09-22,1.08,1.69
Central Africa,2016-09-24,1.76,1.69
Central Africa,2016-09-25,1.0,1.66
Central Africa,2016-09-26,2.0,1.68
Central Africa,2016-09-27,1.0,1.65
Central Africa,2016-09-29,1.0,1.63
Central Africa,2016-09-30,2.73,1.67
Central Africa,2016-10-01,1.0,1.64
Central Africa,2016-10-02,1.38,1.66
Central Africa,2016-10-04,1.0,1.66
Central Africa,2016-10-05,2.0,1.62
Central Africa,2016-10-06,2.63,1.62
Central Africa,2016-10-07,1.47,1.62
Central Africa,2016-10-08,2.0,1.66
Central Africa,2016-10-09,1.9,1.69
Central Africa,2016-10-10,1.0,1.69
Central Africa,2016-10-11,2.0,1.7
Central Africa,2016-10-12,2.0,1.74
Central Africa,2016-10-14,1.33,1.73
Central Africa,2016-10-15,2.0,1.67
Central Africa,2016-10-16,1.4,1.64
Central Africa,2016-10-17,1.5,1.64
Central Africa,2016-10-18,1.0,1.6
Central Africa,2016-10-20,1.31,1.6
Central Africa,2016-10-21,1.63,1.6
Central Africa,2016-10-22,1.0,1.56
Central Africa,2016-10-23,1.19,1.55
Central Africa,2016-10-24,1.5,1.56
Central Africa,2016-10-25,1.0,1.54
Central Africa,2016-10-27,1.58,1.51
Central Africa,2016-10-29,2.11,1.55
Central Africa,2016-10-30,1.0,1.52
Central Africa,2016-10-31,2.0,1.55
Central Africa,2016-11-01,1.0,1.52
Central Africa,2016-11-02,1.11,1.53
Central Africa,2016-11-04,1.1,1.53
Central Africa,2016-11-06,1.33,1.48
Central Africa,2016-11-07,1.78,1.51
Central Africa,2016-11-08,2.86,1.56
Central Africa,2016-11-11,1.66,1.58
Central Africa,2016-11-12,1.88,1.58
Central Africa,2016-11-13,2.89,1.58
Central Africa,2016-11-14,1.17,1.57
Central Africa,2016-11-15,1.25,1.55
Central Africa,2016-11-16,1.45,1.53
Central Africa,2016-11-17,4.0,1.63
Central Africa,2016-11-18,1.5,1.62
Central Africa,2016-11-20,2.5,1.63
Central Africa,2016-11-21,1.2,1.63
Central Africa,2016-11-22,2.0,1.63
Central Africa,2016-11-23,1.5,1.63
Central Africa,2016-11-25,1.43,1.63
Central Africa,2016-11-29,1.16,1.64
Central Africa,2016-11-30,1.35,1.64
Central Africa,2016-12-02,1.0,1.62
Central Africa,2016-12-03,1.0,1.62
Central Africa,2016-12-04,1.0,1.61
Central Africa,2016-12-05,1.72,1.62
Central Africa,2016-12-06,3.0,1.68
Central Africa,2016-12-07,2.46,1.71
Central Africa,2016-12-09,1.5,1.69
Central Africa,2016-12-12,1.36,1.71
Central Africa,2016-12-13,1.4,1.69
Central Africa,2016-12-14,2.23,1.73
Central Africa,2016-12-15,1.73,1.75
Central Africa,2016-12-16,1.0,1.74
Central Africa,2016-12-17,1.27,1.74
Central Africa,2016-12-18,1.0,1.72
Central Africa,2016-12-19,1.22,1.66
Central Africa,2016-12-20,2.0,1.67
Central Africa,2016-12-24,1.1,1.65
Central Africa,2016-12-25,1.64,1.6
Central Africa,2016-12-27,4.0,1.7
Central Africa,2016-12-28,1.11,1.69
Central Africa,2016-12-29,1.86,1.71
Central Africa,2016-12-30,1.0,1.61
Central Africa,2016-12-31,1.0,1.59
Central Africa,2017-01-01,3.4,1.62
Central Africa,2017-01-02,1.64,1.64
Central Africa,2017-01-05,1.5,1.62
Central Africa,2017-01-06,2.0,1.64
Central Africa,2017-01-08,1.44,1.64
Central Africa,2017-01-09,1.0,1.63
Central Africa,2017-01-10,1.0,1.62
Central Africa,2017-01-12,1.38,1.63
Central Africa,2017-01-13,2.14,1.67
Central Africa,2017-01-14,1.0,1.67
Central Africa,2017-01-15,3.6,1.73
Central America,2015-01-01,1.44,1.44
Central America,2015-01-02,1.77,1.6
Central America,2015-01-03,2.11,1.77
Central America,2015-01-04,1.32,1.66
Central America,2015-01-05,1.66,1.66
Central America,2015-01-06,1.75,1.67
Central America,2015-01-07,1.37,1.63
Central America,2015-01-08,1.63,1.63
Central America,2015-01-09,1.66,1.63
Central America,2015-01-10,1.27,1.6
Central America,2015-01-11,1.29,1.57
Central America,2015-01-12,1.61,1.57
Central America,2015-01-13,1.68,1.58
Central America,2015-01-14,2.07,1.61
Central America,2015-01-15,1.7,1.62
Central America,2015-01-16,1.36,1.6
Central America,2015-01-17,2.61,1.66
Central America,2015-01-18,1.89,1.68
Central America,2015-01-19,1.95,1.69
Central America,2015-01-20,1.5,1.68
Central America,2015-01-21,1.69,1.68
Central America,2015-01-22,1.62,1.68
Central America,2015-01-23,2.03,1.69
Central America,2015-01-24,1.46,1.68
Central America,2015-01-25,1.5,1.68
Central America,2015-01-26,1.81,1.68
Central America,2015-01-27,1.51,1.67
Central America,2015-01-28,1.67,1.67
Central America,2015-01-29,1.54,1.67
Central America,2015-01-30,1.36,1.66
Central America,2015-01-31,1.56,1.66
Central America,2015-02-01,1.69,1.66
Central America,2015-02-02,1.43,1.64
Central America,2015-02-03,1.8,1.65
Central America,2015-02-04,1.84,1.66
Central America,2015-02-05,1.34,1.65
Central America,2015-02-06,1.53,1.65
Central America,2015-02-07,1.9,1.66
Central America,2015-02-08,1.84,1.67
Central America,2015-02-09,1.51,1.68
Central America,2015-02-10,1.56,1.68
Central America,2015-02-11,1.95,1.7
Central America,2015-02-12,2.6,1.73
Central America,2015-02-13,1.56,1.71
Central America,2015-02-14,1.78,1.71
Central America,2015-02-15,1.88,1.73
Central America,2015-02-16,1.12,1.68
Central America,2015-02-17,1.28,1.66
Central America,2015-02-18,1.67,1.65
Central America,2015-02-19,1.91,1.67
Central America,2015-02-20,1.48,1.66
Central America,2015-02-21,1.61,1.66
Central America,2015-02-22,1.49,1.64
Central America,2015-02-23,1.75,1.65
Central America,2015-02-24,1.41,1.65
Central America,2015-02-25,1.89,1.65
Central America,2015-02-26,1.5,1.65
Central America,2015-02-27,1.58,1.65
Central America,2015-02-28,1.86,1.66
Central America,2015-03-01,1.52,1.66
Central America,2015-03-02,1.92,1.67
Central America,2015-03-03,1.34,1.66
Central America,2015-03-04,1.38,1.66
Central America,2015-03-05,1.26,1.64
Central America,2015-03-06,1.81,1.64
Central America,2015-03-07,2.0,1.66
Central America,2015-03-08,2.43,1.69
Central America,2015-03-09,1.52,1.68
Central America,2015-03-10,1.44,1.67
Central America,2015-03-11,1.54,1.67
Central America,2015-03-12,1.83,1.68
Central America,2015-03-13,1.92,1.68
Central America,2015-03-14,1.85,1.65
Central America,2015-03-15,1.41,1.65
Central America,2015-03-16,1.97,1.65
Central America,2015-03-17,1.53,1.64
Central America,2015-03-18,1.96,1.67
Central America,2015-03-19,1.48,1.68
Central America,2015-03-20,1.34,1.66
Central America,2015-03-21,1.33,1.65
Central America,2015-03-22,1.55,1.65
Central America,2015-03-23,1.37,1.64
Central America,2015-03-24,1.77,1.65
Central America,2015-03-25,1.63,1.64
Central America,2015-03-26,1.98,1.66
Central America,2015-03-27,1.38,1.65
Central America,2015-03-28,1.73,1.65
Central America,2015-03-29,1.41,1.65
Central America,2015-03-30,1.84,1.65
Central America,2015-03-31,1.97,1.66
Central America,2015-04-01,1.36,1.64
Central America,2015-04-02,1.95,1.66
Central America,2015-04-03,1.81,1.68
Central America,2015-04-04,1.8,1.7
Central America,2015-04-05,2.0,1.7
Central America,2015-04-06,1.47,1.69
Central America,2015-04-07,1.78,1.66
Central America,2015-04-08,1.61,1.67
Central America,2015-04-09,1.69,1.68
Central America,2015-04-10,1.39,1.67
Central America,2015-04-11,1.91,1.67
Central America,2015-04-12,1.42,1.66
Central America,2015-04-13,2.06,1.66
Central America,2015-04-14,1.62,1.67
Central America,2015-04-15,1.62,1.66
Central America,2015-04-16,1.85,1.67
Central America,2015-04-17,1.15,1.64
Central America,2015-04-18,1.89,1.66
Central America,2015-04-19,1.6,1.66
Central America,2015-04-20,2.1,1.69
Central America,2015-04-21,1.47,1.69
Central America,2015-04-22,1.33,1.69
Central America,2015-04-23,1.9,1.69
Central America,2015-04-24,1.91,1.7
Central America,2015-04-25,1.32,1.68
Central America,2015-04-26,1.9,1.69
Central America,2015-04-27,1.85,1.7
Central America,2015-04-28,1.32,1.7
Central America,2015-04-29,1.42,1.68
Central America,2015-04-30,1.69,1.67
Central America,2015-05-01,1.38,1.67
Central America,2015-05-02,1.48,1.66
Central America,2015-05-03,1.79,1.66
Central America,2015-05-04,1.42,1.64
Central America,2015-05-05,1.31,1.62
Central America,2015-05-06,1.41,1.62
Central America,2015-05-07,1.91,1.62
Central America,2015-05-08,1.81,1.63
Central America,2015-05-09,1.28,1.62
Central America,2015-05-10,1.97,1.64
Central America,2015-05-11,1.65,1.63
Central America,2015-05-12,1.45,1.63
Central America,2015-05-13,1.67,1.62
Central America,2015-05-14,1.46,1.61
Central America,2015-05-15,1.55,1.61
Central America,2015-05-16,1.15,1.58
Central America,2015-05-17,1.35,1.59
Central America,2015-05-18,1.3,1.57
Central America,2015-05-19,1.62,1.57
Central America,2015-05-20,1.89,1.57
Central America,2015-05-21,1.46,1.56
Central America,2015-05-22,1.75,1.58
Central America,2015-05-23,1.47,1.56
Central America,2015-05-24,1.2,1.54
Central America,2015-05-25,1.31,1.54
Central America,2015-05-26,1.35,1.52
Central America,2017-01-18,1.15,1.5
Central America,2017-01-19,1.54,1.51
Central America,2017-01-20,1.32,1.5
Central America,2017-01-21,2.24,1.52
Central America,2017-01-22,1.75,1.53
Central America,2017-01-23,1.64,1.54
Central America,2017-01-24,1.49,1.53
Central America,2017-01-25,1.53,1.53
Central America,2017-01-26,1.29,1.53
Central America,2017-01-27,1.39,1.53
Central America,2017-01-28,1.76,1.53
Central America,2017-01-29,1.88,1.53
Central America,2017-01-30,1.62,1.54
Central America,2017-01-31,1.8,1.53
Central America,2017-02-01,1.5,1.53
Central America,2017-02-02,1.43,1.53
Central America,2017-02-03,1.13,1.51
Central America,2017-02-04,1.61,1.52
Central America,2017-02-05,1.75,1.52
Central America,2017-02-06,2.19,1.56
Central America,2017-02-07,1.73,1.57
Central America,2017-02-08,1.78,1.59
Central America,2017-02-09,1.82,1.59
Central America,2017-02-10,1.39,1.58
Central America,2017-02-11,1.69,1.58
Central America,2017-02-12,1.39,1.57
Central America,2017-02-13,1.89,1.58
Central America,2017-02-14,1.46,1.59
Central America,2017-02-15,1.4,1.6
Central America,2017-02-16,1.35,1.6
Central America,2017-02-17,2.31,1.64
Central America,2017-02-18,1.43,1.63
Central America,2017-02-19,1.5,1.64
Central America,2017-02-20,1.68,1.62
Central America,2017-02-21,2.29,1.64
Central America,2017-02-22,1.72,1.64
Central America,2017-02-23,1.26,1.63
Central America,2017-02-24,1.65,1.64
Central America,2017-02-25,1.87,1.65
Central America,2017-02-26,1.44,1.66
Central America,2017-02-27,1.25,1.64
Central America,2017-02-28,1.59,1.63
Central America,2017-03-01,1.19,1.62
Central America,2017-03-02,1.63,1.61
Central America,2017-03-03,1.44,1.61
Central America,2017-03-04,1.72,1.62
Central America,2017-03-05,1.23,1.62
Central America,2017-03-06,1.5,1.62
Central America,2017-03-07,1.58,1.61
Central America,2017-03-08,1.36,1.58
Central America,2017-03-09,1.49,1.58
Central America,2017-03-10,1.71,1.57
Central America,2017-03-11,1.77,1.57
Central America,2017-03-12,1.43,1.57
Central America,2017-03-13,1.61,1.57
Central America,2017-03-14,1.93,1.59
Central America,2017-03-15,1.34,1.57
Central America,2017-03-16,1.65,1.58
Central America,2017-03-17,1.71,1.59
Central America,2017-03-18,1.47,1.59
Central America,2017-03-19,1.66,1.57
Central America,2017-03-20,1.69,1.58
Central America,2017-03-21,1.37,1.58
Central America,2017-03-22,1.4,1.57
Central America,2017-03-23,1.58,1.54
Central America,2017-03-24,1.96,1.55
Central America,2017-03-25,1.73,1.57
Central America,2017-03-26,1.56,1.56
Central America,2017-03-27,1.57,1.55
Central America,2017-03-28,1.71,1.56
Central America,2017-03-29,1.74,1.58
Central America,2017-03-30,1.67,1.58
Central America,2017-03-31,1.75,1.6
Central America,2017-04-01,2.06,1.61
Central America,2017-04-02,1.97,1.63
Central America,2017-04-03,1.74,1.63
Central America,2017-04-04,1.56,1.64
Central America,2017-04-05,1.47,1.64
Central America,2017-04-06,1.58,1.64
Central America,2017-04-07,2.04,1.66
Central America,2017-04-08,1.62,1.67
Central America,2017-04-09,1.75,1.67
Central America,2017-04-10,1.3,1.65
Central America,2017-04-11,1.85,1.67
Central America,2017-04-12,1.54,1.67
Central America,2017-04-13,1.4,1.65
Central America,2017-04-14,2.06,1.67
Central America,2017-04-15,1.66,1.67
Central America,2017-04-16,1.31,1.66
Central America,2017-04-17,1.78,1.67
Central America,2017-04-18,1.32,1.66
Central America,2017-04-19,1.42,1.65
Central America,2017-04-20,1.27,1.64
Central America,2017-04-21,1.91,1.66
Central America,2017-04-22,1.62,1.66
Central America,2017-04-23,1.93,1.66
Central America,2017-04-24,1.62,1.66
Central America,2017-04-25,1.71,1.66
Central America,2017-04-26,1.33,1.66
Central America,2017-04-27,1.5,1.65
Central America,2017-04-28,1.63,1.64
Central America,2017-04-29,1.54,1.64
Central America,2017-04-30,1.59,1.64
Central America,2017-05-01,1.52,1.62
Central America,2017-05-02,1.44,1.6
Central America,2017-05-03,1.61,1.6
Central America,2017-05-04,1.31,1.59
Central America,2017-05-05,1.83,1.6
Central America,2017-05-06,1.46,1.6
Central America,2017-05-07,1.73,1.59
Central America,2017-05-08,1.86,1.59
Central America,2017-05-09,1.74,1.59
Central America,2017-05-10,1.57,1.6
Central America,2017-05-11,1.28,1.58
Central America,2017-05-12,1.59,1.58
Central America,2017-05-13,1.13,1.58
Central America,2017-05-14,1.2,1.55
Central America,2017-05-15,1.59,1.54
Central America,2017-05-16,1.39,1.55
Central America,2017-05-17,1.29,1.53
Central America,2017-05-18,1.87,1.55
Central America,2017-05-19,1.63,1.56
Central America,2017-05-20,1.82,1.58
Central America,2017-05-21,1.24,1.55
Central America,2017-05-22,1.36,1.54
Central America,2017-05-23,1.54,1.53
Central America,2017-05-24,1.28,1.52
Central America,2017-05-25,1.61,1.52
Central America,2017-05-26,1.8,1.53
Central America,2017-05-27,1.56,1.53
Central America,2017-05-28,1.81,1.54
Central America,2017-05-29,2.21,1.56
Central America,2017-05-30,1.64,1.56
Central America,2017-05-31,1.56,1.57
Central America,2017-06-01,1.7,1.57
Central America,2017-06-02,1.71,1.58
Central America,2017-06-03,1.28,1.58
Central America,2017-06-04,1.31,1.56
Central America,2017-06-05,1.44,1.56
Central America,2017-06-06,1.6,1.55
Central America,2017-06-07,1.61,1.55
Central America,2017-06-08,1.43,1.53
Central America,2017-06-09,1.21,1.52
Central America,2017-06-10,2.0,1.55
Central America,2017-06-11,1.65,1.55
Central America,2017-06-12,1.73,1.57
Central America,2017-06-13,1.72,1.59
Central Asia,2016-08-27,1.0,1.0
Central Asia,2016-08-29,4.0,2.5
Central Asia,2016-09-01,2.0,2.33
Central Asia,2016-09-03,1.0,2.0
Central Asia,2016-09-04,1.0,1.8
Central Asia,2016-09-06,2.06,1.84
Central Asia,2016-09-07,1.0,1.72
Central Asia,2016-09-09,2.18,1.78
Central Asia,2016-09-15,4.0,2.03
Central Asia,2016-09-19,1.0,1.92
Central Asia,2016-09-25,1.33,1.87
Central Asia,2016-10-01,2.0,1.88
Central Asia,2016-10-03,1.38,1.84
Central Asia,2016-10-06,1.0,1.78
Central Asia,2016-10-08,2.71,1.84
Central Asia,2016-10-11,1.5,1.82
Central Asia,2016-10-15,2.8,1.88
Central Asia,2016-10-20,1.0,1.83
Central Asia,2016-10-22,1.0,1.79
Central Asia,2016-10-24,1.7,1.78
Central Asia,2016-10-26,2.71,1.83
Central Asia,2016-10-28,1.0,1.79
Central Asia,2016-11-01,1.0,1.76
Central Asia,2016-11-04,1.0,1.72
Central Asia,2016-11-05,1.0,1.7
Central Asia,2016-11-06,1.5,1.69
Central Asia,2016-11-08,1.0,1.66
Central Asia,2016-11-10,1.0,1.64
Central Asia,2016-11-11,2.2,1.66
Central Asia,2016-11-13,2.5,1.69
Central Asia,2016-11-15,1.0,1.69
Central Asia,2016-11-16,1.0,1.59
Central Asia,2016-11-17,1.69,1.58
Central Asia,2016-11-20,1.0,1.58
Central Asia,2016-11-24,1.8,1.6
Central Asia,2016-12-01,2.0,1.6
Central Asia,2016-12-04,1.0,1.6
Central Asia,2016-12-06,1.0,1.56
Central Asia,2016-12-10,1.33,1.47
Central Asia,2016-12-13,1.0,1.47
Central Asia,2016-12-14,2.0,1.49
Central Asia,2016-12-16,3.0,1.53
Central Asia,2016-12-21,2.0,1.55
Central Asia,2016-12-23,2.0,1.58
Central Asia,2016-12-24,2.0,1.56
Central Asia,2016-12-25,1.5,1.56
Central Asia,2016-12-28,1.3,1.51
Central Asia,2016-12-29,1.33,1.52
Central Asia,2017-01-02,2.0,1.55
Central Asia,2017-01-04,2.0,1.56
Central Asia,2017-01-06,1.0,1.51
Central Asia,2017-01-09,1.4,1.52
Central Asia,2017-01-10,1.5,1.54
Central Asia,2017-01-13,1.0,1.54
Central Asia,2017-01-14,1.0,1.54
Central Asia,2017-01-15,2.2,1.56
Central Asia,2017-01-17,1.7,1.58
East Africa,2016-08-27,1.0,1.0
East Africa,2016-08-28,1.33,1.17
East Africa,2016-08-30,2.0,1.44
East Africa,2016-08-31,1.67,1.5
East Africa,2016-09-01,1.14,1.43
East Africa,2016-09-02,1.0,1.36
East Africa,2016-09-04,2.44,1.51
East Africa,2016-09-06,1.6,1.52
East Africa,2016-09-07,1.5,1.52
East Africa,2016-09-08,1.0,1.47
East Africa,2016-09-09,2.0,1.52
East Africa,2016-09-10,1.0,1.47
East Africa,2016-09-11,1.22,1.45
East Africa,2016-09-12,2.07,1.5
East Africa,2016-09-13,1.83,1.52
East Africa,2016-09-14,3.33,1.63
East Africa,2016-09-15,2.07,1.66
East Africa,2016-09-16,1.44,1.65
East Africa,2016-09-17,2.5,1.69
East Africa,2016-09-18,1.24,1.67
East Africa,2016-09-19,1.11,1.64
East Africa,2016-09-20,1.0,1.61
East Africa,2016-09-22,2.0,1.63
East Africa,2016-09-24,3.38,1.7
East Africa,2016-09-25,1.5,1.69
East Africa,2016-09-26,2.0,1.71
East Africa,2016-09-27,3.0,1.75
East Africa,2016-09-29,2.0,1.76
East Africa,2016-09-30,1.67,1.76
East Africa,2016-10-01,1.6,1.75
East Africa,2016-10-02,2.1,1.79
East Africa,2016-10-03,1.0,1.78
East Africa,2016-10-05,1.0,1.75
East Africa,2016-10-06,2.33,1.77
East Africa,2016-10-07,2.67,1.82
East Africa,2016-10-08,3.09,1.89
East Africa,2016-10-11,1.0,1.84
East Africa,2016-10-13,1.25,1.83
East Africa,2016-10-14,1.67,1.84
East Africa,2016-10-15,2.13,1.87
East Africa,2016-10-16,1.56,1.86
East Africa,2016-10-17,1.75,1.88
East Africa,2016-10-18,1.0,1.88
East Africa,2016-10-19,2.0,1.87
East Africa,2016-10-20,2.09,1.88
East Africa,2016-10-21,1.0,1.8
East Africa,2016-10-22,1.0,1.77
East Africa,2016-10-23,1.28,1.76
East Africa,2016-10-24,1.0,1.71
East Africa,2016-10-25,1.0,1.71
East Africa,2016-10-27,1.0,1.7
East Africa,2016-10-28,1.0,1.7
East Africa,2016-10-29,1.0,1.67
East Africa,2016-10-30,3.0,1.66
East Africa,2016-10-31,1.29,1.65
East Africa,2016-11-01,1.0,1.62
East Africa,2016-11-02,2.0,1.58
East Africa,2016-11-04,1.45,1.56
East Africa,2016-11-05,1.0,1.54
East Africa,2016-11-06,2.5,1.57
East Africa,2016-11-07,1.0,1.53
East Africa,2016-11-08,2.0,1.57
East Africa,2016-11-09,1.0,1.57
East Africa,2016-11-11,1.64,1.55
East Africa,2016-11-12,2.88,1.55
East Africa,2016-11-13,2.0,1.52
East Africa,2016-11-14,2.0,1.55
East Africa,2016-11-15,1.33,1.55
East Africa,2016-11-16,4.0,1.63
East Africa,2016-11-17,1.5,1.61
East Africa,2016-11-18,1.27,1.6
East Africa,2016-11-19,1.0,1.57
East Africa,2016-11-20,1.56,1.59
East Africa,2016-11-25,3.67,1.65
East Africa,2016-11-26,1.57,1.63
East Africa,2016-11-27,1.38,1.64
East Africa,2016-11-28,1.5,1.66
East Africa,2016-11-30,1.57,1.67
East Africa,2016-12-01,1.53,1.69
East Africa,2016-12-02,2.0,1.72
East Africa,2016-12-03,1.41,1.74
East Africa,2016-12-04,2.0,1.77
East Africa,2016-12-05,1.17,1.77
East Africa,2016-12-07,1.11,1.71
East Africa,2016-12-08,1.0,1.7
East Africa,2016-12-09,1.83,1.73
East Africa,2016-12-10,2.44,1.74
East Africa,2016-12-11,1.4,1.74
East Africa,2016-12-12,2.0,1.78
East Africa,2016-12-13,1.0,1.73
East Africa,2016-12-14,1.0,1.73
East Africa,2016-12-15,1.08,1.7
East Africa,2016-12-16,1.0,1.7
East Africa,2016-12-17,1.36,1.69
East Africa,2016-12-18,1.3,1.63
East Africa,2016-12-19,1.43,1.61
East Africa,2016-12-20,1.38,1.59
East Africa,2016-12-21,1.0,1.58
East Africa,2016-12-22,1.33,1.49
East Africa,2016-12-23,1.76,1.5
East Africa,2016-12-25,1.0,1.49
East Africa,2016-12-26,2.0,1.53
East Africa,2016-12-27,1.38,1.52
East Africa,2016-12-30,1.57,1.45
East Africa,2016-12-31,2.0,1.46
East Africa,2017-01-01,1.0,1.45
East Africa,2017-01-02,1.33,1.45
East Africa,2017-01-03,1.17,1.43
East Africa,2017-01-04,1.0,1.42
East Africa,2017-01-05,1.0,1.38
East Africa,2017-01-06,4.0,1.47
East Africa,2017-01-07,1.0,1.43
East Africa,2017-01-08,1.48,1.45
East Africa,2017-01-10,3.38,1.52
East Africa,2017-01-12,1.0,1.52
East Africa,2017-01-13,1.12,1.5
East Africa,2017-01-14,1.0,1.45
East Africa,2017-01-15,1.45,1.45
East Africa,2017-01-16,1.7,1.44
East Africa,2017-01-17,1.0,1.44
East of USA,2016-04-02,1.68,1.68
East of USA,2016-04-03,1.26,1.47
East of USA,2016-04-04,1.67,1.53
East of USA,2016-04-05,1.64,1.56
East of USA,2016-04-06,1.46,1.54
East of USA,2016-04-07,1.31,1.5
East of USA,2016-04-08,1.49,1.5
East of USA,2016-04-09,1.15,1.46
East of USA,2016-04-10,1.65,1.48
East of USA,2016-04-11,2.05,1.54
East of USA,2016-04-12,1.74,1.55
East of USA,2016-04-13,1.23,1.53
East of USA,2016-04-14,1.61,1.53
East of USA,2016-04-15,1.65,1.54
East of USA,2016-04-16,1.45,1.54
East of USA,2016-04-17,1.37,1.53
East of USA,2016-04-18,1.5,1.52
East of USA,2016-04-19,1.79,1.54
East of USA,2016-04-20,1.35,1.53
East of USA,2016-04-21,2.18,1.56
East of USA,2016-04-22,1.61,1.56
East of USA,2016-04-23,1.19,1.55
East of USA,2016-04-24,1.58,1.55
East of USA,2016-04-25,1.44,1.54
East of USA,2016-04-26,1.72,1.55
East of USA,2016-04-27,1.73,1.56
East of USA,2016-04-28,1.92,1.57
East of USA,2016-04-29,1.5,1.57
East of USA,2016-04-30,1.93,1.58
East of USA,2016-05-01,2.08,1.6
East of USA,2016-05-02,1.39,1.59
East of USA,2016-05-03,1.33,1.59
East of USA,2016-05-04,1.75,1.59
East of USA,2016-05-05,1.4,1.59
East of USA,2016-05-06,2.0,1.6
East of USA,2016-05-07,1.55,1.61
East of USA,2016-05-08,1.33,1.61
East of USA,2016-05-09,1.36,1.61
East of USA,2016-05-10,1.54,1.61
East of USA,2016-05-11,1.35,1.59
East of USA,2016-05-12,1.41,1.57
East of USA,2016-05-13,2.21,1.61
East of USA,2016-05-14,1.25,1.6
East of USA,2016-05-15,1.05,1.58
East of USA,2016-05-16,1.5,1.58
East of USA,2016-05-17,1.91,1.6
East of USA,2016-05-18,1.72,1.6
East of USA,2016-05-19,1.0,1.58
East of USA,2016-05-20,1.9,1.59
East of USA,2016-05-21,1.4,1.57
East of USA,2016-05-22,1.39,1.56
East of USA,2016-05-23,2.25,1.6
East of USA,2016-05-24,1.83,1.61
East of USA,2016-05-25,1.63,1.61
East of USA,2016-05-26,2.14,1.63
East of USA,2016-05-27,1.45,1.62
East of USA,2016-05-28,1.4,1.6
East of USA,2016-05-29,1.64,1.6
East of USA,2016-05-30,1.07,1.57
East of USA,2016-05-31,1.2,1.55
East of USA,2016-06-01,1.55,1.55
East of USA,2016-06-02,1.48,1.56
East of USA,2016-06-03,1.5,1.55
East of USA,2016-06-04,1.8,1.56
East of USA,2016-06-05,1.25,1.54
East of USA,2016-06-06,1.74,1.54
East of USA,2016-06-07,1.0,1.53
East of USA,2016-06-08,1.24,1.53
East of USA,2016-06-09,1.36,1.52
East of USA,2016-06-10,1.29,1.52
East of USA,2016-06-11,1.18,1.51
East of USA,2016-06-12,1.86,1.5
East of USA,2016-06-13,2.22,1.53
East of USA,2016-06-14,2.0,1.56
East of USA,2016-06-15,1.98,1.58
East of USA,2016-06-16,1.46,1.56
East of USA,2016-06-17,1.7,1.56
East of USA,2016-06-18,1.78,1.59
East of USA,2016-06-19,2.23,1.6
East of USA,2016-06-20,1.55,1.61
East of USA,2016-06-21,1.3,1.6
East of USA,2016-06-22,1.43,1.58
East of USA,2016-06-23,2.17,1.59
East of USA,2016-06-24,2.14,1.6
East of USA,2016-06-25,1.65,1.59
East of USA,2016-06-26,1.39,1.59
East of USA,2016-06-27,1.82,1.6
East of USA,2016-06-28,1.17,1.58
East of USA,2016-06-29,1.26,1.59
East of USA,2016-06-30,2.0,1.62
East of USA,2016-07-01,1.38,1.61
East of USA,2016-07-02,1.41,1.61
East of USA,2016-07-03,1.55,1.61
East of USA,2016-07-04,1.35,1.6
East of USA,2016-07-05,1.94,1.62
East of USA,2016-07-06,2.37,1.64
East of USA,2016-07-07,1.57,1.66
East of USA,2016-07-08,2.07,1.69
East of USA,2016-07-09,1.5,1.69
East of USA,2016-07-10,1.29,1.69
East of USA,2016-07-11,1.38,1.7
East of USA,2016-07-12,1.29,1.68
East of USA,2016-07-13,1.52,1.65
East of USA,2016-07-14,1.06,1.62
East of USA,2016-07-15,2.14,1.63
East of USA,2016-07-16,1.83,1.64
East of USA,2016-07-17,2.29,1.66
East of USA,2016-07-18,1.55,1.65
East of USA,2016-07-19,1.6,1.63
East of USA,2016-07-20,2.07,1.65
East of USA,2016-07-21,1.66,1.66
East of USA,2016-07-22,1.74,1.67
East of USA,2016-07-23,2.37,1.68
East of USA,2016-07-24,1.52,1.66
East of USA,2016-07-25,1.8,1.66
East of USA,2016-07-26,1.65,1.67
East of USA,2016-07-27,1.67,1.67
East of USA,2016-07-28,1.37,1.67
East of USA,2016-07-29,1.68,1.69
East of USA,2016-07-30,1.5,1.67
East of USA,2016-07-31,1.62,1.68
East of USA,2016-08-01,1.68,1.69
East of USA,2016-08-02,1.26,1.68
East of USA,2016-08-03,1.13,1.67
East of USA,2016-08-04,1.3,1.65
East of USA,2016-08-05,1.39,1.62
East of USA,2016-08-06,1.73,1.62
East of USA,2016-08-07,1.44,1.6
East of USA,2016-08-08,1.77,1.61
East of USA,2016-08-09,1.87,1.63
East of USA,2016-08-10,1.64,1.64
East of USA,2016-08-11,2.33,1.67
East of USA,2016-08-12,1.86,1.68
East of USA,2016-08-13,2.1,1.72
East of USA,2016-08-14,2.55,1.73
East of USA,2016-08-15,1.45,1.72
East of USA,2016-08-16,1.24,1.68
East of USA,2016-08-17,1.24,1.67
East of USA,2016-08-18,1.64,1.67
East of USA,2016-08-19,1.61,1.66
East of USA,2016-08-20,1.47,1.65
East of USA,2016-08-21,2.31,1.67
East of USA,2016-08-22,2.33,1.67
East of USA,2016-08-23,1.93,1.68
East of USA,2016-08-24,1.36,1.67
East of USA,2016-08-25,1.46,1.66
Eastern Asia,2015-10-24,1.75,1.75
Eastern Asia,2015-10-25,1.55,1.65
Eastern Asia,2015-10-26,1.28,1.53
Eastern Asia,2015-10-27,1.66,1.56
Eastern Asia,2015-10-28,2.11,1.67
Eastern Asia,2015-10-29,1.28,1.61
Eastern Asia,2015-10-30,1.08,1.53
Eastern Asia,2015-10-31,1.76,1.56
Eastern Asia,2015-11-01,1.39,1.54
Eastern Asia,2015-11-02,2.6,1.65
Eastern Asia,2015-11-03,2.3,1.71
Eastern Asia,2015-11-04,1.77,1.71
Eastern Asia,2015-11-05,2.09,1.74
Eastern Asia,2015-11-06,1.59,1.73
Eastern Asia,2015-11-07,1.9,1.74
Eastern Asia,2015-11-08,1.27,1.71
Eastern Asia,2015-11-09,1.19,1.68
Eastern Asia,2015-11-10,1.53,1.67
Eastern Asia,2015-11-11,2.0,1.69
Eastern Asia,2015-11-12,1.46,1.68
Eastern Asia,2015-11-13,1.56,1.67
Eastern Asia,2015-11-14,1.63,1.67
Eastern Asia,2015-11-15,1.25,1.65
Eastern Asia,2015-11-16,1.56,1.65
Eastern Asia,2015-11-17,1.45,1.64
Eastern Asia,2015-11-18,1.75,1.64
Eastern Asia,2015-11-19,1.58,1.64
Eastern Asia,2015-11-20,1.48,1.64
Eastern Asia,2015-11-21,1.23,1.62
Eastern Asia,2015-11-22,2.18,1.64
Eastern Asia,2015-11-23,1.42,1.63
Eastern Asia,2015-11-24,1.78,1.64
Eastern Asia,2015-11-25,2.38,1.67
Eastern Asia,2015-11-26,1.45,1.67
Eastern Asia,2015-11-27,2.21,1.67
Eastern Asia,2015-11-28,1.38,1.67
Eastern Asia,2015-11-29,1.48,1.69
Eastern Asia,2015-11-30,1.8,1.69
Eastern Asia,2015-12-01,2.0,1.71
Eastern Asia,2015-12-02,1.53,1.67
Eastern Asia,2015-12-03,1.0,1.63
Eastern Asia,2015-12-04,1.58,1.62
Eastern Asia,2015-12-05,1.3,1.6
Eastern Asia,2015-12-06,1.43,1.59
Eastern Asia,2015-12-07,1.33,1.57
Eastern Asia,2015-12-08,1.36,1.58
Eastern Asia,2015-12-09,1.05,1.57
Eastern Asia,2015-12-10,1.36,1.57
Eastern Asia,2015-12-11,1.59,1.55
Eastern Asia,2015-12-12,2.0,1.57
Eastern Asia,2015-12-13,1.84,1.58
Eastern Asia,2015-12-14,1.44,1.57
Eastern Asia,2015-12-15,2.1,1.6
Eastern Asia,2015-12-16,1.85,1.61
Eastern Asia,2015-12-17,1.0,1.6
Eastern Asia,2015-12-18,2.0,1.6
Eastern Asia,2015-12-19,1.0,1.58
Eastern Asia,2015-12-20,1.56,1.59
Eastern Asia,2015-12-21,1.6,1.6
Eastern Asia,2015-12-22,1.0,1.56
Eastern Asia,2015-12-23,2.25,1.59
Eastern Asia,2015-12-24,1.57,1.58
Eastern Asia,2015-12-25,1.57,1.55
Eastern Asia,2015-12-26,2.0,1.57
Eastern Asia,2015-12-27,1.75,1.56
Eastern Asia,2015-12-28,1.73,1.57
Eastern Asia,2015-12-29,1.53,1.57
Eastern Asia,2015-12-30,1.1,1.55
Eastern Asia,2015-12-31,1.33,1.53
Eastern Asia,2016-01-01,2.48,1.56
Eastern Asia,2016-01-02,1.92,1.59
Eastern Asia,2016-01-03,1.43,1.58
Eastern Asia,2016-01-04,1.65,1.59
Eastern Asia,2016-01-05,1.33,1.59
Eastern Asia,2016-01-06,1.57,1.6
Eastern Asia,2016-01-07,1.52,1.6
Eastern Asia,2016-01-08,2.09,1.64
Eastern Asia,2016-01-09,1.13,1.63
Eastern Asia,2016-01-10,2.4,1.66
Eastern Asia,2016-01-11,2.92,1.69
Eastern Asia,2016-01-12,1.67,1.68
Eastern Asia,2016-01-13,2.17,1.71
Eastern Asia,2016-01-14,1.92,1.7
Eastern Asia,2016-01-15,1.17,1.68
Eastern Asia,2016-01-16,1.37,1.69
Eastern Asia,2016-01-17,1.0,1.66
Eastern Asia,2016-01-18,1.56,1.68
Eastern Asia,2016-01-19,2.02,1.69
Eastern Asia,2016-01-20,1.19,1.68
Eastern Asia,2016-01-21,1.83,1.71
Eastern Asia,2016-01-22,1.61,1.68
Eastern Asia,2016-01-23,1.92,1.7
Eastern Asia,2016-01-24,2.09,1.71
Eastern Asia,2016-01-25,1.3,1.69
Eastern Asia,2016-01-26,1.89,1.69
Eastern Asia,2016-01-27,1.6,1.69
Eastern Asia,2016-01-28,1.71,1.7
Eastern Asia,2016-01-29,1.4,1.71
Eastern Asia,2016-01-30,2.45,1.74
Eastern Asia,2016-01-31,1.48,1.71
Eastern Asia,2016-02-01,2.14,1.72
Eastern Asia,2016-02-02,1.57,1.72
Eastern Asia,2016-02-03,1.53,1.72
Eastern Asia,2016-02-04,1.94,1.74
Eastern Asia,2016-02-05,1.86,1.75
Eastern Asia,2016-02-06,1.54,1.75
Eastern Asia,2016-02-07,1.52,1.73
Eastern Asia,2016-02-08,2.29,1.77
Eastern Asia,2016-02-09,1.16,1.73
Eastern Asia,2016-02-10,1.4,1.68
Eastern Asia,2016-02-11,1.39,1.67
Eastern Asia,2016-02-12,1.19,1.64
Eastern Asia,2016-02-13,2.0,1.64
Eastern Asia,2016-02-14,1.96,1.66
Eastern Asia,2016-02-15,1.25,1.66
Eastern Asia,2016-02-16,1.51,1.68
Eastern Asia,2016-02-17,1.71,1.68
Eastern Asia,2016-02-18,1.52,1.67
Eastern Asia,2016-02-19,1.67,1.68
Eastern Asia,2016-02-20,2.06,1.69
Eastern Asia,2016-02-21,1.25,1.68
Eastern Asia,2016-02-22,1.52,1.66
Eastern Asia,2016-02-23,1.52,1.64
Eastern Asia,2016-02-24,1.44,1.65
Eastern Asia,2016-02-25,1.49,1.64
Eastern Asia,2016-02-26,1.84,1.64
Eastern Asia,2016-02-27,1.64,1.64
Eastern Asia,2016-02-28,1.27,1.64
Eastern Asia,2016-02-29,2.5,1.64
Eastern Asia,2016-03-01,2.08,1.66
Eastern Asia,2016-03-02,1.56,1.64
Eastern Asia,2016-03-03,2.3,1.66
Eastern Asia,2016-03-04,1.57,1.66
Eastern Asia,2016-03-05,1.36,1.65
Eastern Asia,2016-03-06,1.65,1.64
Eastern Asia,2016-03-07,1.67,1.64
Eastern Asia,2016-03-08,1.35,1.64
Eastern Asia,2016-03-09,1.8,1.62
Eastern Asia,2016-03-10,1.27,1.62
Eastern Asia,2016-03-11,1.0,1.61
Eastern Asia,2016-03-12,2.4,1.64
Eastern Asia,2016-03-13,1.12,1.64
Eastern Asia,2016-03-14,2.25,1.65
Eastern Asia,2016-03-15,1.86,1.65
Eastern Asia,2016-03-16,1.7,1.66
Eastern Asia,2016-03-17,1.91,1.68
Eastern Asia,2016-03-18,1.5,1.67
Eastern Asia,2016-09-05,4.0,1.75
Eastern Asia,2016-09-11,1.67,1.75
Eastern Asia,2016-10-05,2.17,1.75
Eastern Asia,2016-10-27,2.78,1.81
Eastern Asia,2016-11-17,2.0,1.82
Eastern Asia,2016-11-28,1.0,1.8
Eastern Asia,2016-12-03,3.0,1.86
Eastern Asia,2017-01-14,2.0,1.87
Eastern Asia,2017-11-10,2.0,1.88
Eastern Asia,2017-11-12,1.78,1.88
Eastern Asia,2017-11-13,1.46,1.89
Eastern Asia,2017-11-14,2.13,1.88
Eastern Asia,2017-11-15,1.81,1.87
Eastern Asia,2017-11-16,1.65,1.87
Eastern Asia,2017-11-17,1.71,1.85
Eastern Asia,2017-11-18,1.78,1.86
Eastern Asia,2017-11-19,1.36,1.86
Eastern Asia,2017-11-20,1.0,1.84
Eastern Asia,2017-11-21,1.73,1.84
Eastern Asia,2017-11-22,1.91,1.86
Eastern Asia,2017-11-23,1.33,1.84
Eastern Asia,2017-11-24,1.56,1.85
Eastern Asia,2017-11-25,1.4,1.86
Eastern Asia,2017-11-26,1.5,1.83
Eastern Asia,2017-11-27,1.38,1.84
Eastern Asia,2017-11-28,1.64,1.82
Eastern Asia,2017-11-29,1.81,1.82
Eastern Asia,2017-11-30,1.54,1.82
Eastern Asia,2017-12-01,1.5,1.8
Eastern Asia,2017-12-02,1.5,1.8
Eastern Asia,2017-12-03,1.63,1.72
Eastern Asia,2017-12-04,1.33,1.71
Eastern Asia,2017-12-05,1.22,1.68
Eastern Asia,2017-12-06,1.13,1.63
Eastern Asia,2017-12-07,1.56,1.61
Eastern Asia,2017-12-08,1.29,1.62
Eastern Asia,2017-12-09,1.5,1.57
Eastern Asia,2017-12-10,1.43,1.55
Eastern Asia,2017-12-11,2.22,1.56
Eastern Asia,2017-12-12,1.5,1.55
Eastern Asia,2017-12-13,1.5,1.55
Eastern Asia,2017-12-14,1.63,1.53
Eastern Asia,2017-12-15,2.6,1.56
Eastern Asia,2017-12-16,1.22,1.55
Eastern Asia,2017-12-17,1.5,1.54
Eastern Asia,2017-12-18,1.79,1.54
Eastern Asia,2017-12-19,1.5,1.54
Eastern Asia,2017-12-20,1.33,1.56
Eastern Asia,2017-12-21,1.6,1.55
Eastern Asia,2017-12-22,2.14,1.56
Eastern Asia,2017-12-23,1.9,1.58
Eastern Asia,2017-12-24,1.89,1.59
Eastern Asia,2017-12-25,1.5,1.59
Eastern Asia,2017-12-26,1.57,1.59
Eastern Asia,2017-12-27,1.73,1.61
Eastern Asia,2017-12-28,1.75,1.61
Eastern Asia,2017-12-29,1.45,1.6
Eastern Asia,2017-12-30,1.0,1.58
Eastern Asia,2017-12-31,2.15,1.6
Eastern Asia,2018-01-01,1.8,1.61
Eastern Asia,2018-01-02,1.17,1.6
Eastern Asia,2018-01-03,1.46,1.6
Eastern Asia,2018-01-04,1.22,1.6
Eastern Asia,2018-01-05,1.86,1.63
Eastern Asia,2018-01-06,1.0,1.61
Eastern Asia,2018-01-07,1.75,1.62
Eastern Asia,2018-01-08,1.58,1.62
Eastern Asia,2018-01-09,1.33,1.62
Eastern Asia,2018-01-10,2.33,1.63
Eastern Asia,2018-01-11,1.73,1.63
Eastern Asia,2018-01-12,2.11,1.65
Eastern Asia,2018-01-13,1.55,1.65
Eastern Asia,2018-01-14,1.38,1.61
Eastern Asia,2018-01-15,1.38,1.62
Eastern Asia,2018-01-16,1.83,1.63
Eastern Asia,2018-01-17,1.8,1.63
Eastern Asia,2018-01-18,2.17,1.65
Eastern Asia,2018-01-19,1.67,1.66
Eastern Asia,2018-01-20,1.86,1.67
Eastern Asia,2018-01-21,1.33,1.64
Eastern Asia,2018-01-22,1.38,1.62
Eastern Asia,2018-01-23,1.33,1.61
Eastern Asia,2018-01-24,1.83,1.62
Eastern Asia,2018-01-25,1.8,1.62
Eastern Asia,2018-01-26,1.4,1.61
Eastern Asia,2018-01-27,2.0,1.62
Eastern Asia,2018-01-28,1.33,1.62
Eastern Asia,2018-01-29,2.0,1.65
Eastern Asia,2018-01-30,1.83,1.64
Eastern Asia,2018-01-31,1.67,1.64
Eastern Europe,2016-08-25,1.6,1.6
Eastern Europe,2016-08-27,3.0,2.3
Eastern Europe,2016-08-28,2.2,2.27
Eastern Europe,2016-08-29,1.0,1.95
Eastern Europe,2016-08-30,1.71,1.9
Eastern Europe,2016-08-31,1.75,1.88
Eastern Europe,2016-09-01,1.55,1.83
Eastern Europe,2016-09-02,1.48,1.79
Eastern Europe,2016-09-03,2.05,1.81
Eastern Europe,2016-09-04,1.33,1.77
Eastern Europe,2016-09-05,1.27,1.72
Eastern Europe,2016-09-06,2.29,1.77
Eastern Europe,2016-09-07,2.14,1.8
Eastern Europe,2016-09-08,1.43,1.77
Eastern Europe,2016-09-09,1.55,1.76
Eastern Europe,2016-09-10,1.22,1.72
Eastern Europe,2016-09-11,1.33,1.7
Eastern Europe,2016-09-12,1.35,1.68
Eastern Europe,2016-09-13,2.6,1.73
Eastern Europe,2016-09-14,1.12,1.7
Eastern Europe,2016-09-15,1.36,1.68
Eastern Europe,2016-09-16,1.25,1.66
Eastern Europe,2016-09-17,1.82,1.67
Eastern Europe,2016-09-18,1.0,1.64
Eastern Europe,2016-09-19,2.79,1.69
Eastern Europe,2016-09-20,1.59,1.68
Eastern Europe,2016-09-21,2.41,1.71
Eastern Europe,2016-09-22,1.44,1.7
Eastern Europe,2016-09-23,1.31,1.69
Eastern Europe,2016-09-24,1.71,1.69
Eastern Europe,2016-09-25,1.7,1.69
Eastern Europe,2016-09-26,1.5,1.64
Eastern Europe,2016-09-27,1.76,1.63
Eastern Europe,2016-09-28,2.0,1.66
Eastern Europe,2016-09-29,2.0,1.67
Eastern Europe,2016-09-30,1.38,1.66
Eastern Europe,2016-10-01,2.09,1.68
Eastern Europe,2016-10-02,1.0,1.66
Eastern Europe,2016-10-03,1.47,1.64
Eastern Europe,2016-10-04,1.8,1.66
Eastern Europe,2016-10-05,1.88,1.68
Eastern Europe,2016-10-06,1.2,1.64
Eastern Europe,2016-10-07,1.0,1.6
Eastern Europe,2016-10-08,1.42,1.6
Eastern Europe,2016-10-09,1.65,1.61
Eastern Europe,2016-10-10,2.53,1.65
Eastern Europe,2016-10-11,1.8,1.67
Eastern Europe,2016-10-12,1.72,1.68
Eastern Europe,2016-10-13,1.22,1.63
Eastern Europe,2016-10-14,1.0,1.63
Eastern Europe,2016-10-15,2.17,1.65
Eastern Europe,2016-10-16,1.7,1.67
Eastern Europe,2016-10-17,2.08,1.68
Eastern Europe,2016-10-18,1.0,1.68
Eastern Europe,2016-10-19,1.44,1.63
Eastern Europe,2016-10-20,1.21,1.62
Eastern Europe,2016-10-21,2.0,1.61
Eastern Europe,2016-10-22,1.67,1.61
Eastern Europe,2016-10-23,1.33,1.62
Eastern Europe,2016-10-24,1.42,1.61
Eastern Europe,2016-10-25,1.74,1.61
Eastern Europe,2016-10-26,1.45,1.61
Eastern Europe,2016-10-27,1.5,1.6
Eastern Europe,2016-10-28,1.67,1.59
Eastern Europe,2016-10-29,2.54,1.6
Eastern Europe,2016-10-30,2.0,1.62
Eastern Europe,2016-10-31,1.62,1.61
Eastern Europe,2016-11-01,1.22,1.62
Eastern Europe,2016-11-02,1.63,1.62
Eastern Europe,2016-11-03,2.08,1.63
Eastern Europe,2016-11-04,1.47,1.62
Eastern Europe,2016-11-05,2.0,1.64
Eastern Europe,2016-11-06,2.22,1.68
Eastern Europe,2016-11-07,1.18,1.68
Eastern Europe,2016-11-08,1.63,1.67
Eastern Europe,2016-11-09,2.0,1.66
Eastern Europe,2016-11-10,2.09,1.67
Eastern Europe,2016-11-11,2.04,1.68
Eastern Europe,2016-11-12,3.4,1.75
Eastern Europe,2016-11-13,1.52,1.77
Eastern Europe,2016-11-14,1.33,1.74
Eastern Europe,2016-11-15,2.07,1.75
Eastern Europe,2016-11-16,1.03,1.72
Eastern Europe,2016-11-17,1.62,1.74
Eastern Europe,2016-11-18,1.07,1.73
Eastern Europe,2016-11-19,2.23,1.76
Eastern Europe,2016-11-20,1.75,1.75
Eastern Europe,2016-11-21,1.55,1.75
Eastern Europe,2016-11-22,1.24,1.74
Eastern Europe,2016-11-23,1.81,1.76
Eastern Europe,2016-11-24,1.57,1.75
Eastern Europe,2016-11-25,1.41,1.75
Eastern Europe,2016-11-26,2.2,1.77
Eastern Europe,2016-11-27,2.5,1.8
Eastern Europe,2016-11-28,2.8,1.81
Eastern Europe,2016-11-29,2.08,1.81
Eastern Europe,2016-11-30,1.56,1.81
Eastern Europe,2016-12-01,1.0,1.8
Eastern Europe,2016-12-02,1.32,1.79
Eastern Europe,2016-12-03,1.28,1.77
Eastern Europe,2016-12-04,1.38,1.76
Eastern Europe,2016-12-05,1.08,1.73
Eastern Europe,2016-12-06,1.24,1.7
Eastern Europe,2016-12-07,1.0,1.69
Eastern Europe,2016-12-08,1.83,1.7
Eastern Europe,2016-12-09,1.92,1.7
Eastern Europe,2016-12-10,1.59,1.68
Eastern Europe,2016-12-11,1.67,1.67
Eastern Europe,2016-12-12,1.3,1.6
Eastern Europe,2016-12-13,2.0,1.61
Eastern Europe,2016-12-14,1.0,1.6
Eastern Europe,2016-12-15,1.56,1.59
Eastern Europe,2016-12-16,1.83,1.61
Eastern Europe,2016-12-17,1.44,1.61
Eastern Europe,2016-12-18,1.0,1.6
Eastern Europe,2016-12-19,2.0,1.6
Eastern Europe,2016-12-20,1.5,1.59
Eastern Europe,2016-12-21,2.25,1.61
Eastern Europe,2016-12-22,1.75,1.63
Eastern Europe,2016-12-23,1.5,1.62
Eastern Europe,2016-12-24,1.0,1.6
Eastern Europe,2016-12-25,2.54,1.64
Eastern Europe,2016-12-26,1.41,1.61
Eastern Europe,2016-12-27,1.48,1.58
Eastern Europe,2016-12-28,2.0,1.55
Eastern Europe,2016-12-29,1.27,1.52
Eastern Europe,2016-12-30,1.31,1.52
Eastern Europe,2016-12-31,2.0,1.55
Eastern Europe,2017-01-01,1.8,1.56
Eastern Europe,2017-01-02,1.18,1.56
Eastern Europe,2017-01-04,2.27,1.59
Eastern Europe,2017-01-05,1.48,1.6
Eastern Europe,2017-01-06,2.0,1.63
Eastern Europe,2017-01-07,2.16,1.67
Eastern Europe,2017-01-08,1.56,1.66
Eastern Europe,2017-01-09,1.44,1.64
Eastern Europe,2017-01-10,1.67,1.65
Eastern Europe,2017-01-11,1.97,1.66
Eastern Europe,2017-01-12,1.25,1.65
Eastern Europe,2017-01-13,1.18,1.63
Eastern Europe,2017-01-14,1.16,1.63
Eastern Europe,2017-01-16,1.47,1.63
Eastern Europe,2017-01-17,1.71,1.62
Eastern Europe,2017-01-18,1.59,1.63
North Africa,2016-08-25,1.8,1.8
North Africa,2016-08-26,1.13,1.46
North Africa,2016-08-27,1.0,1.31
North Africa,2016-08-28,2.72,1.66
North Africa,2016-08-29,1.67,1.66
North Africa,2016-08-30,1.5,1.64
North Africa,2016-08-31,2.0,1.69
North Africa,2016-09-01,1.53,1.67
North Africa,2016-09-02,1.27,1.62
North Africa,2016-09-03,1.41,1.6
North Africa,2016-09-04,1.38,1.58
North Africa,2016-09-05,1.19,1.55
North Africa,2016-09-06,1.77,1.57
North Africa,2016-09-08,1.2,1.54
North Africa,2016-09-09,1.5,1.54
North Africa,2016-09-10,1.83,1.56
North Africa,2016-09-11,1.64,1.56
North Africa,2016-09-12,1.38,1.55
North Africa,2016-09-13,1.9,1.57
North Africa,2016-09-14,1.63,1.57
North Africa,2016-09-15,1.19,1.55
North Africa,2016-09-16,2.0,1.57
North Africa,2016-09-17,1.33,1.56
North Africa,2016-09-18,2.0,1.58
North Africa,2016-09-19,1.24,1.57
North Africa,2016-09-20,1.33,1.56
North Africa,2016-09-21,1.36,1.55
North Africa,2016-09-22,1.44,1.55
North Africa,2016-09-23,1.44,1.54
North Africa,2016-09-24,3.07,1.59
North Africa,2016-09-25,1.31,1.58
North Africa,2016-09-26,1.27,1.58
North Africa,2016-09-27,2.0,1.62
North Africa,2016-09-28,1.8,1.59
North Africa,2016-09-29,1.44,1.58
North Africa,2016-09-30,2.0,1.59
North Africa,2016-10-01,1.0,1.56
North Africa,2016-10-02,2.0,1.58
North Africa,2016-10-03,1.5,1.58
North Africa,2016-10-04,1.0,1.57
North Africa,2016-10-05,2.29,1.6
North Africa,2016-10-06,1.44,1.61
North Africa,2016-10-07,1.0,1.58
North Africa,2016-10-08,1.0,1.58
North Africa,2016-10-10,1.83,1.59
North Africa,2016-10-11,1.36,1.57
North Africa,2016-10-12,1.13,1.56
North Africa,2016-10-13,1.75,1.57
North Africa,2016-10-14,1.86,1.57
North Africa,2016-10-15,2.33,1.59
North Africa,2016-10-16,2.0,1.62
North Africa,2016-10-17,2.0,1.62
North Africa,2016-10-18,2.35,1.65
North Africa,2016-10-19,1.46,1.63
North Africa,2016-10-20,2.16,1.66
North Africa,2016-10-21,1.33,1.66
North Africa,2016-10-22,1.0,1.65
North Africa,2016-10-23,1.0,1.64
North Africa,2016-10-24,1.57,1.64
North Africa,2016-10-25,1.9,1.6
North Africa,2016-10-26,1.08,1.6
North Africa,2016-10-27,1.44,1.6
North Africa,2016-10-28,1.95,1.6
North Africa,2016-10-29,1.13,1.58
North Africa,2016-10-30,1.0,1.56
North Africa,2016-10-31,1.73,1.55
North Africa,2016-11-01,1.2,1.56
North Africa,2016-11-02,2.16,1.57
North Africa,2016-11-03,1.54,1.57
North Africa,2016-11-04,1.43,1.58
North Africa,2016-11-05,1.91,1.57
North Africa,2016-11-06,2.18,1.59
North Africa,2016-11-07,1.79,1.62
North Africa,2016-11-08,1.0,1.62
North Africa,2016-11-09,1.0,1.59
North Africa,2016-11-10,1.0,1.58
North Africa,2016-11-11,2.0,1.61
North Africa,2016-11-12,1.44,1.6
North Africa,2016-11-13,1.88,1.6
North Africa,2016-11-14,2.5,1.6
North Africa,2016-11-15,1.16,1.58
North Africa,2016-11-16,1.0,1.54
North Africa,2016-11-17,1.7,1.52
North Africa,2016-11-19,1.0,1.51
North Africa,2016-11-20,1.0,1.47
North Africa,2016-11-23,2.0,1.49
North Africa,2016-11-24,1.65,1.51
North Africa,2016-11-25,1.59,1.53
North Africa,2016-11-26,2.89,1.57
North Africa,2016-11-27,1.3,1.55
North Africa,2016-11-28,1.89,1.58
North Africa,2016-11-29,2.11,1.6
North Africa,2016-11-30,1.13,1.58
North Africa,2016-12-01,1.84,1.6
North Africa,2016-12-02,1.26,1.61
North Africa,2016-12-04,1.14,1.59
North Africa,2016-12-05,1.91,1.61
North Africa,2016-12-06,1.28,1.58
North Africa,2016-12-07,2.5,1.62
North Africa,2016-12-08,2.0,1.63
North Africa,2016-12-09,1.0,1.6
North Africa,2016-12-10,1.0,1.57
North Africa,2016-12-11,1.0,1.54
North Africa,2016-12-12,1.69,1.56
North Africa,2016-12-13,1.88,1.59
North Africa,2016-12-14,1.0,1.59
North Africa,2016-12-15,1.0,1.56
North Africa,2016-12-16,1.0,1.54
North Africa,2016-12-17,2.44,1.56
North Africa,2016-12-18,1.64,1.53
North Africa,2016-12-19,1.56,1.55
North Africa,2016-12-20,1.23,1.55
North Africa,2016-12-21,1.0,1.53
North Africa,2016-12-22,1.32,1.54
North Africa,2016-12-23,1.23,1.55
North Africa,2016-12-24,1.74,1.54
North Africa,2016-12-25,1.0,1.52
North Africa,2016-12-26,1.8,1.53
North Africa,2016-12-27,1.2,1.47
North Africa,2016-12-28,1.2,1.47
North Africa,2016-12-29,4.0,1.54
North Africa,2016-12-30,1.76,1.53
North Africa,2016-12-31,1.0,1.52
North Africa,2017-01-01,2.13,1.53
North Africa,2017-01-02,1.0,1.52
North Africa,2017-01-03,1.41,1.53
North Africa,2017-01-04,2.3,1.54
North Africa,2017-01-06,1.0,1.53
North Africa,2017-01-07,2.0,1.52
North Africa,2017-01-08,1.9,1.51
North Africa,2017-01-09,2.0,1.55
North Africa,2017-01-10,1.0,1.55
North Africa,2017-01-11,1.48,1.56
North Africa,2017-01-12,1.0,1.54
North Africa,2017-01-13,1.0,1.51
North Africa,2017-01-14,1.47,1.53
North Africa,2017-01-15,1.6,1.55
North Africa,2017-01-16,2.0,1.58
North Africa,2017-01-17,1.13,1.54
North Africa,2017-01-18,1.0,1.52
Northern Europe,2015-05-31,1.74,1.74
Northern Europe,2015-06-01,1.84,1.79
Northern Europe,2015-06-02,1.0,1.53
Northern Europe,2015-06-03,1.46,1.51
Northern Europe,2015-06-04,1.36,1.48
Northern Europe,2015-06-05,1.23,1.44
Northern Europe,2015-06-06,1.0,1.38
Northern Europe,2015-06-07,1.71,1.42
Northern Europe,2015-06-08,1.57,1.43
Northern Europe,2015-06-09,1.82,1.47
Northern Europe,2015-06-10,1.94,1.52
Northern Europe,2015-06-11,1.0,1.47
Northern Europe,2015-06-12,1.77,1.5
Northern Europe,2015-06-13,1.55,1.5
Northern Europe,2015-06-14,1.82,1.52
Northern Europe,2015-06-15,1.67,1.53
Northern Europe,2015-06-16,1.29,1.52
Northern Europe,2015-06-17,1.55,1.52
Northern Europe,2015-06-18,1.74,1.53
Northern Europe,2015-06-19,1.45,1.53
Northern Europe,2015-06-20,1.0,1.5
Northern Europe,2015-06-21,1.31,1.49
Northern Europe,2015-06-22,1.8,1.51
Northern Europe,2015-06-23,1.24,1.49
Northern Europe,2015-06-24,1.44,1.49
Northern Europe,2015-06-25,2.75,1.54
Northern Europe,2015-06-26,2.13,1.56
Northern Europe,2015-06-27,1.52,1.56
Northern Europe,2015-06-28,1.23,1.55
Northern Europe,2015-06-29,1.41,1.54
Northern Europe,2015-06-30,1.15,1.52
Northern Europe,2015-07-01,1.38,1.51
Northern Europe,2015-07-02,1.4,1.52
Northern Europe,2015-07-03,1.78,1.53
Northern Europe,2015-07-04,1.48,1.54
Northern Europe,2015-07-05,1.61,1.55
Northern Europe,2015-07-06,1.76,1.58
Northern Europe,2015-07-07,2.0,1.59
Northern Europe,2015-07-08,1.29,1.58
Northern Europe,2015-07-09,1.36,1.56
Northern Europe,2015-07-10,1.81,1.56
Northern Europe,2015-07-11,1.75,1.58
Northern Europe,2015-07-12,1.11,1.56
Northern Europe,2015-07-13,2.0,1.57
Northern Europe,2015-07-14,1.72,1.57
Northern Europe,2015-07-15,1.0,1.55
Northern Europe,2015-07-16,1.7,1.56
Northern Europe,2015-07-17,1.44,1.56
Northern Europe,2015-07-18,1.71,1.56
Northern Europe,2015-07-19,1.94,1.57
Northern Europe,2015-07-20,2.67,1.63
Northern Europe,2015-07-21,2.22,1.66
Northern Europe,2015-07-22,1.63,1.65
Northern Europe,2015-07-23,1.75,1.67
Northern Europe,2015-07-24,1.24,1.66
Northern Europe,2015-07-25,1.74,1.63
Northern Europe,2015-07-26,2.27,1.64
Northern Europe,2015-07-27,1.55,1.64
Northern Europe,2015-07-28,2.0,1.66
Northern Europe,2015-07-29,1.5,1.66
Northern Europe,2015-07-30,1.89,1.69
Northern Europe,2015-07-31,1.07,1.68
Northern Europe,2015-08-01,1.61,1.69
Northern Europe,2015-08-02,1.35,1.67
Northern Europe,2015-08-03,2.0,1.69
Northern Europe,2015-08-04,2.12,1.71
Northern Europe,2015-08-05,1.56,1.7
Northern Europe,2015-08-06,1.0,1.67
Northern Europe,2015-08-07,1.13,1.66
Northern Europe,2015-08-08,1.7,1.67
Northern Europe,2015-08-09,1.64,1.67
Northern Europe,2015-08-10,2.4,1.69
Northern Europe,2015-08-11,2.42,1.73
Northern Europe,2015-08-12,1.89,1.73
Northern Europe,2015-08-13,1.62,1.72
Northern Europe,2015-08-14,1.86,1.75
Northern Europe,2015-08-15,2.0,1.76
Northern Europe,2015-08-16,1.3,1.76
Northern Europe,2015-08-17,1.51,1.75
Northern Europe,2015-08-18,2.1,1.76
Northern Europe,2015-08-19,1.29,1.71
Northern Europe,2015-08-20,1.38,1.68
Northern Europe,2015-08-21,2.63,1.72
Northern Europe,2015-08-22,1.44,1.71
Northern Europe,2015-08-23,1.3,1.71
Northern Europe,2015-08-24,1.75,1.71
Northern Europe,2015-08-25,1.52,1.68
Northern Europe,2015-08-26,2.0,1.7
Northern Europe,2015-08-27,1.33,1.68
Northern Europe,2015-08-28,1.77,1.69
Northern Europe,2015-08-29,1.68,1.68
Northern Europe,2015-08-30,1.15,1.68
Northern Europe,2015-08-31,1.45,1.68
Northern Europe,2015-09-01,2.0,1.7
Northern Europe,2015-09-02,2.36,1.71
Northern Europe,2015-09-03,2.56,1.72
Northern Europe,2015-09-04,1.17,1.71
Northern Europe,2015-09-05,1.19,1.72
Northern Europe,2015-09-06,1.87,1.74
Northern Europe,2015-09-07,1.0,1.72
Northern Europe,2015-09-08,1.38,1.71
Northern Europe,2015-09-09,1.35,1.67
Northern Europe,2015-09-10,1.78,1.65
Northern Europe,2015-09-11,1.07,1.63
Northern Europe,2015-09-12,1.68,1.63
Northern Europe,2015-09-13,1.64,1.62
Northern Europe,2015-09-14,1.24,1.59
Northern Europe,2015-09-15,1.24,1.59
Northern Europe,2015-09-16,1.33,1.59
Northern Europe,2015-09-17,2.2,1.59
Northern Europe,2015-09-18,1.67,1.6
Northern Europe,2015-09-19,2.15,1.63
Northern Europe,2015-09-20,1.88,1.6
Northern Europe,2015-09-21,1.33,1.6
Northern Europe,2015-09-22,1.59,1.61
Northern Europe,2015-09-23,2.0,1.62
Northern Europe,2015-09-24,1.61,1.62
Northern Europe,2015-09-25,1.48,1.6
Northern Europe,2015-09-26,1.39,1.61
Northern Europe,2015-09-27,1.83,1.61
Northern Europe,2015-09-28,1.62,1.61
Northern Europe,2015-09-29,1.64,1.62
Northern Europe,2015-09-30,2.67,1.66
Northern Europe,2015-10-01,1.61,1.65
Northern Europe,2015-10-02,1.43,1.62
Northern Europe,2015-10-03,1.0,1.57
Northern Europe,2015-10-04,1.6,1.58
Northern Europe,2015-10-05,1.52,1.59
Northern Europe,2015-10-06,3.14,1.64
Northern Europe,2015-10-07,1.5,1.65
Northern Europe,2015-10-08,1.88,1.67
Northern Europe,2015-10-09,2.32,1.7
Northern Europe,2015-10-10,2.0,1.71
Northern Europe,2015-10-11,1.63,1.73
Northern Europe,2015-10-12,1.14,1.71
Northern Europe,2015-10-13,1.0,1.69
Northern Europe,2015-10-14,1.0,1.68
Northern Europe,2015-10-15,1.54,1.69
Northern Europe,2015-10-16,1.33,1.69
Northern Europe,2015-10-17,1.14,1.65
Northern Europe,2015-10-18,1.94,1.66
Northern Europe,2015-10-19,1.2,1.63
Northern Europe,2015-10-20,1.68,1.63
Northern Europe,2015-10-21,2.5,1.66
Northern Europe,2015-10-22,1.56,1.66
Northern Europe,2015-10-23,1.96,1.66
Northern Europe,2015-10-24,1.22,1.65
Northern Europe,2016-08-27,1.0,1.63
Northern Europe,2016-09-17,2.0,1.65
Northern Europe,2016-09-20,1.0,1.63
Northern Europe,2016-10-05,2.0,1.64
Northern Europe,2016-10-09,1.0,1.62
Northern Europe,2016-10-15,1.0,1.56
Northern Europe,2016-10-24,1.5,1.56
Northern Europe,2016-11-04,2.0,1.58
Northern Europe,2016-11-05,2.0,1.61
Northern Europe,2016-11-06,1.0,1.59
Northern Europe,2016-11-26,4.0,1.67
Northern Europe,2016-12-02,1.56,1.62
Northern Europe,2016-12-07,2.0,1.64
Northern Europe,2016-12-21,2.2,1.65
Northern Europe,2017-01-05,1.0,1.6
Northern Europe,2017-01-07,1.5,1.59
Northern Europe,2017-01-09,1.0,1.57
Northern Europe,2017-01-12,1.63,1.58
Northern Europe,2017-01-18,1.0,1.58
Northern Europe,2017-06-17,2.0,1.62
Northern Europe,2017-06-18,1.35,1.61
Northern Europe,2017-06-19,1.89,1.63
Northern Europe,2017-06-20,1.0,1.62
Northern Europe,2017-06-21,1.0,1.59
Northern Europe,2017-06-22,1.14,1.59
Northern Europe,2017-06-23,1.63,1.59
Northern Europe,2017-06-24,1.38,1.55
Northern Europe,2017-06-25,1.63,1.55
Northern Europe,2017-06-26,1.42,1.53
Northern Europe,2017-06-27,1.47,1.54
Northern Europe,2017-06-28,1.35,1.55
Northern Europe,2017-06-29,1.09,1.52
Northern Europe,2017-06-30,1.7,1.55
Northern Europe,2017-07-01,1.9,1.54
Northern Europe,2017-07-02,1.56,1.56
Northern Europe,2017-07-03,1.62,1.58
Northern Europe,2017-07-04,1.68,1.59
Northern Europe,2017-07-05,2.18,1.6
Northern Europe,2017-07-06,1.74,1.59
Northern Europe,2017-07-07,1.9,1.62
Northern Europe,2017-07-08,1.33,1.53
Northern Europe,2017-07-09,1.33,1.52
Northern Europe,2017-07-10,1.5,1.5
Northern Europe,2017-07-11,1.5,1.48
Northern Europe,2017-07-12,1.83,1.51
Northern Europe,2017-07-13,2.47,1.54
Northern Europe,2017-07-14,1.17,1.55
Northern Europe,2017-07-15,1.36,1.54
Northern Europe,2017-07-16,1.6,1.56
Northern Europe,2017-07-17,1.68,1.55
Northern Europe,2017-07-18,1.57,1.55
Northern Europe,2017-07-19,1.82,1.55
Northern Europe,2017-07-20,2.63,1.61
Northern Europe,2017-07-21,1.17,1.61
Northern Europe,2017-07-22,1.15,1.61
Northern Europe,2017-07-23,1.37,1.6
Northern Europe,2017-07-24,2.18,1.63
Northern Europe,2017-07-25,1.44,1.62
Northern Europe,2017-07-26,1.0,1.61
Northern Europe,2017-07-27,1.62,1.61
Northern Europe,2017-07-28,1.0,1.6
Northern Europe,2017-07-29,1.75,1.62
Northern Europe,2017-07-30,1.64,1.62
Northern Europe,2017-07-31,1.27,1.6
Northern Europe,2017-08-01,2.24,1.62
Northern Europe,2017-08-02,2.33,1.65
Northern Europe,2017-08-03,1.92,1.66
Northern Europe,2017-08-04,1.83,1.64
Northern Europe,2017-08-05,2.0,1.65
Northern Europe,2017-08-06,1.8,1.65
Northern Europe,2017-08-07,1.2,1.65
Northern Europe,2017-08-08,1.48,1.65
Northern Europe,2017-08-09,1.22,1.64
Northern Europe,2017-08-10,1.5,1.64
Northern Europe,2017-08-11,1.34,1.62
Northern Europe,2017-08-12,1.56,1.59
Northern Europe,2017-08-13,2.5,1.64
Northern Europe,2017-08-14,1.29,1.64
Northern Europe,2017-08-15,2.0,1.65
Northern Europe,2017-08-16,1.62,1.65
Northern Europe,2017-08-17,1.62,1.65
Northern Europe,2017-08-18,1.48,1.64
Northern Europe,2017-08-19,1.87,1.61
Northern Europe,2017-08-20,1.59,1.63
Northern Europe,2017-08-21,2.27,1.66
Northern Europe,2017-08-22,1.75,1.68
Northern Europe,2017-08-23,1.63,1.66
Northern Europe,2017-08-24,1.22,1.65
Northern Europe,2017-08-25,1.61,1.67
Northern Europe,2017-08-26,1.88,1.68
Northern Europe,2017-08-27,1.81,1.71
Northern Europe,2017-08-28,1.25,1.69
Northern Europe,2017-08-29,1.47,1.68
Northern Europe,2017-08-30,1.26,1.68
Northern Europe,2017-08-31,2.55,1.69
Northern Europe,2017-09-01,1.95,1.68
Northern Europe,2017-09-02,1.5,1.67
Northern Europe,2017-09-03,1.68,1.66
Northern Europe,2017-09-04,1.35,1.64
Northern Europe,2017-09-05,1.88,1.64
Northern Europe,2017-09-06,1.32,1.65
Northern Europe,2017-09-07,1.19,1.64
Northern Europe,2017-09-08,1.38,1.64
Northern Europe,2017-09-09,1.84,1.65
Northern Europe,2017-09-10,1.33,1.65
Northern Europe,2017-09-11,1.38,1.65
Northern Europe,2017-09-12,1.26,1.61
Northern Europe,2017-09-13,2.17,1.64
Northern Europe,2017-09-14,1.33,1.61
Northern Europe,2017-09-15,2.06,1.63
Northern Europe,2017-09-16,1.3,1.62
Northern Europe,2017-09-17,1.75,1.63
Northern Europe,2017-09-18,1.0,1.6
Northern Europe,2017-09-19,2.73,1.64
Northern Europe,2017-09-20,1.38,1.61
Northern Europe,2017-09-21,1.17,1.59
Northern Europe,2017-09-22,2.11,1.6
Northern Europe,2017-09-23,2.04,1.63
Northern Europe,2017-09-24,1.58,1.63
Northern Europe,2017-09-25,1.45,1.62
Northern Europe,2017-09-26,1.48,1.6
Northern Europe,2017-09-27,1.5,1.61
Northern Europe,2017-09-28,2.43,1.65
Northern Europe,2017-09-29,1.4,1.65
Northern Europe,2017-09-30,2.06,1.63
Northern Europe,2017-10-01,1.5,1.62
Northern Europe,2017-10-02,2.4,1.65
Northern Europe,2017-10-03,1.5,1.64
Northern Europe,2017-10-04,1.27,1.64
Northern Europe,2017-10-05,1.5,1.63
Northern Europe,2017-10-06,1.25,1.63
Northern Europe,2017-10-07,1.7,1.64
Northern Europe,2017-10-08,1.83,1.66
Northern Europe,2017-10-09,1.75,1.65
Northern Europe,2017-10-10,1.6,1.66
Northern Europe,2017-10-11,1.75,1.68
Northern Europe,2017-10-12,1.31,1.68
Northern Europe,2017-10-13,2.3,1.68
Northern Europe,2017-10-14,1.14,1.68
Northern Europe,2017-10-15,1.33,1.65
Northern Europe,2017-10-16,1.73,1.67
Northern Europe,2017-10-17,1.29,1.65
Northern Europe,2017-10-18,1.5,1.67
Northern Europe,2017-10-19,1.2,1.62
Northern Europe,2017-10-20,2.0,1.64
Northern Europe,2017-10-21,1.58,1.65
Northern Europe,2017-10-22,1.82,1.64
Northern Europe,2017-10-23,1.78,1.63
Northern Europe,2017-10-24,1.4,1.63
Northern Europe,2017-10-25,1.67,1.63
Northern Europe,2017-10-26,2.44,1.66
Northern Europe,2017-10-27,1.67,1.67
Northern Europe,2017-10-28,1.75,1.65
Northern Europe,2017-10-29,2.0,1.67
Northern Europe,2017-10-30,3.0,1.7
Northern Europe,2017-10-31,2.0,1.72
Northern Europe,2017-11-01,2.0,1.7
Northern Europe,2017-11-02,1.64,1.71
Northern Europe,2017-11-03,2.0,1.73
Northern Europe,2017-11-04,1.83,1.74
Northern Europe,2017-11-05,1.7,1.76
Northern Europe,2017-11-06,1.63,1.75
Northern Europe,2017-11-07,1.4,1.74
Northern Europe,2017-11-08,1.88,1.74
Northern Europe,2017-11-09,1.89,1.75
Northern Europe,2017-11-10,1.6,1.75
Oceania,2015-10-24,1.84,1.84
Oceania,2015-10-25,1.43,1.64
Oceania,2015-10-26,1.46,1.58
Oceania,2015-10-27,1.62,1.59
Oceania,2015-10-28,1.56,1.58
Oceania,2015-10-29,1.31,1.54
Oceania,2015-10-30,1.63,1.55
Oceania,2015-10-31,1.0,1.48
Oceania,2015-11-01,1.56,1.49
Oceania,2015-11-02,1.76,1.52
Oceania,2015-11-03,1.0,1.47
Oceania,2015-11-04,1.92,1.51
Oceania,2015-11-05,1.81,1.53
Oceania,2015-11-06,1.64,1.54
Oceania,2015-11-07,1.48,1.53
Oceania,2015-11-08,1.7,1.55
Oceania,2015-11-09,1.27,1.53
Oceania,2015-11-10,1.43,1.52
Oceania,2015-11-11,1.56,1.53
Oceania,2015-11-12,1.18,1.51
Oceania,2015-11-13,1.84,1.52
Oceania,2015-11-14,1.57,1.53
Oceania,2015-11-15,1.22,1.51
Oceania,2015-11-16,1.69,1.52
Oceania,2015-11-17,2.0,1.54
Oceania,2015-11-18,1.91,1.55
Oceania,2015-11-19,1.79,1.56
Oceania,2015-11-20,1.5,1.56
Oceania,2015-11-21,1.52,1.56
Oceania,2015-11-22,1.12,1.54
Oceania,2015-11-23,1.5,1.53
Oceania,2015-11-24,1.67,1.54
Oceania,2015-11-25,1.24,1.53
Oceania,2015-11-26,1.76,1.54
Oceania,2015-11-27,1.59,1.54
Oceania,2015-11-28,1.35,1.54
Oceania,2015-11-29,1.37,1.53
Oceania,2015-11-30,1.75,1.56
Oceania,2015-12-01,1.53,1.56
Oceania,2015-12-02,1.29,1.54
Oceania,2015-12-03,1.5,1.56
Oceania,2015-12-04,1.38,1.54
Oceania,2015-12-05,1.31,1.52
Oceania,2015-12-06,1.0,1.5
Oceania,2015-12-07,1.57,1.5
Oceania,2015-12-08,1.31,1.49
Oceania,2015-12-09,1.19,1.49
Oceania,2015-12-10,1.64,1.49
Oceania,2015-12-11,2.0,1.51
Oceania,2015-12-12,1.92,1.53
Oceania,2015-12-13,1.88,1.53
Oceania,2015-12-14,2.3,1.56
Oceania,2015-12-15,2.02,1.59
Oceania,2015-12-16,2.19,1.6
Oceania,2015-12-17,2.8,1.63
Oceania,2015-12-18,1.55,1.62
Oceania,2015-12-19,1.85,1.62
Oceania,2015-12-20,1.0,1.6
Oceania,2015-12-21,1.3,1.59
Oceania,2015-12-22,1.7,1.61
Oceania,2015-12-23,1.67,1.62
Oceania,2015-12-24,1.93,1.63
Oceania,2015-12-25,1.48,1.64
Oceania,2015-12-26,1.62,1.63
Oceania,2015-12-27,1.8,1.64
Oceania,2015-12-28,1.06,1.63
Oceania,2015-12-29,1.5,1.63
Oceania,2015-12-30,1.63,1.63
Oceania,2015-12-31,1.92,1.64
Oceania,2016-01-01,1.3,1.64
Oceania,2016-01-02,1.76,1.65
Oceania,2016-01-03,1.53,1.66
Oceania,2016-01-04,1.17,1.65
Oceania,2016-01-05,1.0,1.65
Oceania,2016-01-06,1.22,1.64
Oceania,2016-01-07,1.48,1.65
Oceania,2016-01-08,1.56,1.66
Oceania,2016-01-09,1.0,1.64
Oceania,2016-01-10,2.34,1.65
Oceania,2016-01-11,1.15,1.62
Oceania,2016-01-12,2.46,1.64
Oceania,2016-01-13,2.33,1.64
Oceania,2016-01-14,2.15,1.65
Oceania,2016-01-15,1.16,1.61
Oceania,2016-01-16,1.42,1.57
Oceania,2016-01-17,1.29,1.56
Oceania,2016-01-18,1.22,1.54
Oceania,2016-01-19,1.6,1.56
Oceania,2016-01-20,1.93,1.58
Oceania,2016-01-21,1.39,1.57
Oceania,2016-01-22,1.53,1.56
Oceania,2016-01-23,1.31,1.54
Oceania,2016-01-24,1.36,1.54
Oceania,2016-01-25,1.29,1.53
Oceania,2016-01-26,2.0,1.54
Oceania,2016-01-27,1.54,1.55
Oceania,2016-01-28,1.51,1.55
Oceania,2016-01-29,2.22,1.57
Oceania,2016-01-30,1.2,1.55
Oceania,2016-01-31,2.33,1.58
Oceania,2016-02-01,1.94,1.59
Oceania,2016-02-02,1.5,1.59
Oceania,2016-02-03,2.6,1.63
Oceania,2016-02-04,1.17,1.64
Oceania,2016-02-05,1.75,1.66
Oceania,2016-02-06,1.5,1.66
Oceania,2016-02-07,2.07,1.68
Oceania,2016-02-08,1.6,1.7
Oceania,2016-02-09,1.24,1.66
Oceania,2016-02-10,1.81,1.68
Oceania,2016-02-11,1.5,1.65
Oceania,2016-02-12,1.42,1.62
Oceania,2016-02-13,2.05,1.62
Oceania,2016-02-14,1.53,1.63
Oceania,2016-02-15,2.4,1.66
Oceania,2016-02-16,2.03,1.68
Oceania,2016-02-17,2.04,1.71
Oceania,2016-02-18,1.48,1.71
Oceania,2016-02-19,1.61,1.7
Oceania,2016-02-20,1.47,1.7
Oceania,2016-02-21,1.19,1.69
Oceania,2016-02-22,1.56,1.7
Oceania,2016-02-23,1.75,1.71
Oceania,2016-02-24,1.51,1.72
Oceania,2016-02-25,1.5,1.7
Oceania,2016-02-26,1.09,1.69
Oceania,2016-02-27,1.43,1.68
Oceania,2016-02-28,1.47,1.66
Oceania,2016-02-29,2.03,1.69
Oceania,2016-03-01,2.08,1.68
Oceania,2016-03-02,1.97,1.68
Oceania,2016-03-03,1.6,1.68
Oceania,2016-03-04,1.39,1.64
Oceania,2016-03-05,1.78,1.66
Oceania,2016-03-06,1.5,1.65
Oceania,2016-03-07,1.43,1.65
Oceania,2016-03-08,2.07,1.65
Oceania,2016-03-09,1.17,1.64
Oceania,2016-03-10,1.22,1.64
Oceania,2016-03-11,1.82,1.64
Oceania,2016-03-12,1.55,1.64
Oceania,2016-03-13,2.0,1.66
Oceania,2016-03-14,1.42,1.64
Oceania,2016-03-15,1.69,1.64
Oceania,2016-03-16,2.0,1.63
Oceania,2016-03-17,2.24,1.63
Oceania,2016-03-18,1.99,1.63
Oceania,2016-03-19,1.69,1.64
Oceania,2016-03-20,1.72,1.64
Oceania,2016-03-21,1.37,1.64
Oceania,2016-03-22,1.97,1.67
Oceania,2016-03-23,1.34,1.66
Oceania,2016-03-24,1.37,1.65
Oceania,2016-03-25,1.84,1.66
Oceania,2016-03-26,1.61,1.66
Oceania,2016-03-27,1.61,1.68
Oceania,2016-03-28,1.77,1.69
Oceania,2016-03-29,1.79,1.7
Oceania,2016-03-30,1.6,1.69
Oceania,2016-03-31,1.46,1.67
Oceania,2016-04-01,1.8,1.66
Oceania,2017-11-11,1.41,1.65
Oceania,2017-11-12,1.83,1.67
Oceania,2017-11-13,1.69,1.67
Oceania,2017-11-14,1.33,1.66
Oceania,2017-11-15,1.5,1.66
Oceania,2017-11-16,2.0,1.66
Oceania,2017-11-17,1.18,1.66
Oceania,2017-11-18,1.83,1.68
Oceania,2017-11-19,1.43,1.67
Oceania,2017-11-20,1.33,1.66
Oceania,2017-11-21,1.17,1.63
Oceania,2017-11-22,1.27,1.63
Oceania,2017-11-23,1.67,1.63
Oceania,2017-11-24,1.7,1.62
Oceania,2017-11-25,2.0,1.61
Oceania,2017-11-26,1.37,1.59
Oceania,2017-11-27,1.67,1.59
Oceania,2017-11-28,1.83,1.59
Oceania,2017-11-29,1.79,1.61
Oceania,2017-11-30,1.41,1.59
Oceania,2017-12-01,1.15,1.58
Oceania,2017-12-02,1.67,1.59
Oceania,2017-12-03,1.5,1.58
Oceania,2017-12-04,1.5,1.58
Oceania,2017-12-05,1.53,1.57
Oceania,2017-12-06,1.0,1.55
Oceania,2017-12-07,1.88,1.55
Oceania,2017-12-08,1.27,1.54
Oceania,2017-12-09,1.5,1.54
Oceania,2017-12-10,1.5,1.53
Oceania,2017-12-11,1.5,1.53
Oceania,2017-12-12,1.2,1.51
Oceania,2017-12-13,2.0,1.52
Oceania,2017-12-14,1.64,1.53
Oceania,2017-12-15,1.25,1.52
Oceania,2017-12-16,1.6,1.51
Oceania,2017-12-17,1.36,1.52
Oceania,2017-12-18,1.31,1.5
Oceania,2017-12-19,1.73,1.51
Oceania,2017-12-20,1.38,1.51
Oceania,2017-12-21,3.0,1.57
Oceania,2017-12-22,1.14,1.57
Oceania,2017-12-23,1.33,1.56
Oceania,2017-12-24,1.0,1.53
Oceania,2017-12-25,2.0,1.53
Oceania,2017-12-26,1.22,1.53
Oceania,2017-12-27,1.5,1.52
Oceania,2017-12-28,1.63,1.52
Oceania,2017-12-29,1.25,1.5
Oceania,2017-12-30,1.45,1.5
Oceania,2017-12-31,1.43,1.51
Oceania,2018-01-01,1.81,1.51
Oceania,2018-01-02,1.31,1.51
Oceania,2018-01-03,1.75,1.52
Oceania,2018-01-04,1.0,1.5
Oceania,2018-01-05,1.85,1.53
Oceania,2018-01-06,1.3,1.51
Oceania,2018-01-07,1.63,1.52
Oceania,2018-01-08,1.83,1.53
Oceania,2018-01-09,1.13,1.52
Oceania,2018-01-10,1.67,1.52
Oceania,2018-01-11,1.42,1.53
Oceania,2018-01-12,1.29,1.51
Oceania,2018-01-13,1.79,1.51
Oceania,2018-01-14,1.73,1.53
Oceania,2018-01-15,1.7,1.53
Oceania,2018-01-16,1.43,1.53
Oceania,2018-01-17,1.91,1.55
Oceania,2018-01-18,2.0,1.56
Oceania,2018-01-19,1.25,1.56
Oceania,2018-01-20,1.75,1.52
Oceania,2018-01-21,1.25,1.52
Oceania,2018-01-22,1.88,1.54
Oceania,2018-01-23,1.45,1.55
Oceania,2018-01-24,1.5,1.54
Oceania,2018-01-25,1.31,1.54
Oceania,2018-01-26,1.4,1.54
Oceania,2018-01-27,2.13,1.55
Oceania,2018-01-28,1.8,1.57
Oceania,2018-01-29,2.0,1.59
Oceania,2018-01-30,1.2,1.58
Oceania,2018-01-31,1.56,1.57
South America,2015-01-01,1.56,1.56
South America,2015-01-02,1.44,1.5
South America,2015-01-03,1.48,1.5
South America,2015-01-04,1.07,1.39
South America,2015-01-05,1.66,1.44
South America,2015-01-06,2.42,1.61
South America,2015-01-07,1.81,1.63
South America,2015-01-08,2.26,1.71
South America,2015-01-09,1.8,1.72
South America,2015-01-10,1.48,1.7
South America,2015-01-11,2.0,1.73
South America,2015-01-12,1.39,1.7
South America,2015-01-13,1.5,1.68
South America,2015-01-14,1.65,1.68
South America,2015-01-15,1.55,1.67
South America,2015-01-16,1.58,1.67
South America,2015-01-17,1.8,1.67
South America,2015-01-18,1.55,1.67
South America,2015-01-19,1.11,1.64
South America,2015-01-20,1.49,1.63
South America,2015-01-21,1.22,1.61
South America,2015-01-22,2.06,1.63
South America,2015-01-23,1.67,1.63
South America,2015-01-24,1.61,1.63
South America,2015-01-25,1.19,1.61
South America,2015-01-26,1.34,1.6
South America,2015-01-27,1.51,1.6
South America,2015-01-28,1.83,1.61
South America,2015-01-29,1.1,1.59
South America,2015-01-30,2.21,1.61
South America,2015-01-31,1.76,1.62
South America,2015-02-01,1.67,1.63
South America,2015-02-02,1.56,1.63
South America,2015-02-03,1.66,1.65
South America,2015-02-04,1.42,1.64
South America,2015-02-05,1.0,1.59
South America,2015-02-06,1.39,1.58
South America,2015-02-07,2.5,1.59
South America,2015-02-08,2.31,1.6
South America,2015-02-09,1.38,1.6
South America,2015-02-10,1.62,1.59
South America,2015-02-11,1.93,1.61
South America,2015-02-12,1.56,1.61
South America,2015-02-13,1.77,1.61
South America,2015-02-14,1.85,1.62
South America,2015-02-15,2.29,1.64
South America,2015-02-16,1.31,1.63
South America,2015-02-17,1.94,1.64
South America,2015-02-18,2.16,1.68
South America,2015-02-19,1.68,1.68
South America,2015-02-20,1.33,1.69
South America,2015-02-21,1.26,1.66
South America,2015-02-22,2.36,1.68
South America,2015-02-23,1.8,1.69
South America,2015-02-24,1.26,1.69
South America,2015-02-25,1.58,1.7
South America,2015-02-26,3.2,1.76
South America,2015-02-27,1.29,1.74
South America,2015-02-28,1.86,1.76
South America,2015-03-01,1.42,1.74
South America,2015-03-02,1.47,1.73
South America,2015-03-03,1.35,1.72
South America,2015-03-04,1.63,1.72
South America,2015-03-05,1.09,1.7
South America,2015-03-06,1.73,1.71
South America,2015-03-07,1.47,1.73
South America,2015-03-08,1.54,1.73
South America,2015-03-09,1.21,1.69
South America,2015-03-10,2.06,1.68
South America,2015-03-11,2.0,1.7
South America,2015-03-12,1.31,1.69
South America,2015-03-13,1.69,1.68
South America,2015-03-14,1.39,1.68
South America,2015-03-15,1.88,1.68
South America,2015-03-16,1.41,1.67
South America,2015-03-17,1.61,1.64
South America,2015-03-18,1.7,1.66
South America,2015-03-19,1.97,1.66
South America,2015-03-20,1.19,1.62
South America,2015-03-21,1.96,1.63
South America,2015-03-22,1.51,1.64
South America,2015-03-23,1.62,1.65
South America,2015-03-24,1.16,1.61
South America,2015-03-25,1.48,1.6
South America,2015-03-26,1.73,1.62
South America,2015-03-27,2.25,1.64
South America,2015-03-28,1.45,1.58
South America,2015-03-29,1.33,1.58
South America,2015-03-30,1.96,1.59
South America,2015-03-31,2.27,1.61
South America,2015-04-01,1.71,1.62
South America,2015-04-02,2.0,1.64
South America,2015-04-03,1.8,1.65
South America,2015-04-04,2.38,1.69
South America,2015-04-05,1.36,1.68
South America,2015-04-06,1.66,1.69
South America,2015-04-07,1.22,1.68
South America,2015-04-08,1.72,1.69
South America,2015-04-09,1.44,1.67
South America,2015-04-10,1.7,1.66
South America,2015-04-11,1.33,1.66
South America,2015-04-12,2.03,1.67
South America,2015-04-13,1.82,1.69
South America,2015-04-14,1.47,1.67
South America,2015-04-15,2.0,1.69
South America,2015-04-16,1.58,1.69
South America,2015-04-17,1.6,1.69
South America,2015-04-18,1.75,1.68
South America,2015-04-19,1.29,1.69
South America,2015-04-20,1.33,1.67
South America,2015-04-21,1.31,1.66
South America,2015-04-22,1.23,1.65
South America,2015-04-23,1.41,1.65
South America,2015-04-24,1.21,1.64
South America,2015-04-25,2.29,1.66
South America,2015-04-26,1.82,1.65
South America,2015-04-27,2.29,1.68
South America,2015-04-28,2.13,1.7
South America,2015-04-29,1.29,1.68
South America,2015-04-30,1.52,1.66
South America,2015-05-01,1.52,1.65
South America,2015-05-02,1.12,1.62
South America,2015-05-03,1.92,1.62
South America,2015-05-04,2.05,1.61
South America,2015-05-05,1.88,1.63
South America,2015-05-06,1.83,1.64
South America,2015-05-07,1.8,1.66
South America,2015-05-08,1.68,1.65
South America,2015-05-09,1.75,1.66
South America,2015-05-10,1.45,1.66
South America,2015-05-11,1.77,1.67
South America,2015-05-12,1.57,1.66
South America,2015-05-13,1.54,1.65
South America,2015-05-14,1.11,1.63
South America,2015-05-15,1.54,1.62
South America,2015-05-16,1.13,1.6
South America,2015-05-17,2.5,1.63
South America,2015-05-18,2.28,1.65
South America,2015-05-19,1.0,1.64
South America,2015-05-20,2.93,1.69
South America,2015-05-21,1.57,1.7
South America,2015-05-22,1.32,1.71
South America,2015-05-23,1.11,1.7
South America,2015-05-24,1.04,1.69
South America,2015-05-25,1.64,1.67
South America,2015-05-26,1.17,1.65
South America,2015-05-27,1.65,1.63
South America,2015-05-28,1.73,1.61
South America,2015-05-29,1.79,1.63
South America,2015-05-30,1.54,1.63
South America,2015-05-31,1.23,1.62
South America,2017-01-18,1.35,1.63
South America,2017-01-19,1.94,1.63
South America,2017-01-20,1.32,1.6
South America,2017-01-21,1.24,1.58
South America,2017-01-22,1.4,1.57
South America,2017-01-23,1.53,1.56
South America,2017-01-24,1.23,1.54
South America,2017-01-25,1.59,1.54
South America,2017-01-26,1.72,1.55
South America,2017-01-27,1.5,1.54
South America,2017-01-28,1.4,1.53
South America,2017-01-29,1.0,1.52
South America,2017-01-30,1.76,1.54
South America,2017-01-31,2.0,1.55
South America,2017-02-01,1.0,1.55
South America,2017-02-02,1.6,1.52
South America,2017-02-03,1.81,1.5
South America,2017-02-04,1.43,1.52
South America,2017-02-05,1.95,1.49
South America,2017-02-06,2.08,1.5
South America,2017-02-07,1.43,1.51
South America,2017-02-08,1.75,1.53
South America,2017-02-09,2.22,1.57
South America,2017-02-10,2.17,1.58
South America,2017-02-11,1.68,1.6
South America,2017-02-12,1.38,1.59
South America,2017-02-13,1.41,1.58
South America,2017-02-14,1.47,1.57
South America,2017-02-15,1.4,1.57
South America,2017-02-16,1.0,1.56
South America,2017-02-17,2.08,1.58
South America,2017-02-18,1.48,1.57
South America,2017-02-19,1.23,1.57
South America,2017-02-20,1.62,1.58
South America,2017-02-21,2.0,1.6
South America,2017-02-22,1.75,1.61
South America,2017-02-23,1.46,1.61
South America,2017-02-24,2.24,1.63
South America,2017-02-25,1.72,1.63
South America,2017-02-26,1.94,1.65
South America,2017-02-27,1.87,1.66
South America,2017-02-28,1.63,1.69
South America,2017-03-01,1.5,1.68
South America,2017-03-02,1.2,1.65
South America,2017-03-03,1.4,1.66
South America,2017-03-04,1.38,1.66
South America,2017-03-05,1.39,1.64
South America,2017-03-06,1.57,1.65
South America,2017-03-07,1.79,1.64
South America,2017-03-08,1.85,1.63
South America,2017-03-09,1.52,1.64
South America,2017-03-10,1.82,1.64
South America,2017-03-11,1.75,1.62
South America,2017-03-12,1.71,1.61
South America,2017-03-13,1.29,1.59
South America,2017-03-14,1.35,1.59
South America,2017-03-15,2.25,1.62
South America,2017-03-16,3.0,1.67
South America,2017-03-17,1.63,1.68
South America,2017-03-18,1.04,1.68
South America,2017-03-19,1.38,1.66
South America,2017-03-20,1.46,1.66
South America,2017-03-21,1.33,1.66
South America,2017-03-22,1.7,1.66
South America,2017-03-23,2.15,1.67
South America,2017-03-24,1.67,1.67
South America,2017-03-25,1.44,1.67
South America,2017-03-26,1.6,1.64
South America,2017-03-27,1.33,1.63
South America,2017-03-28,1.71,1.62
South America,2017-03-29,2.73,1.65
South America,2017-03-30,1.37,1.64
South America,2017-03-31,1.28,1.64
South America,2017-04-01,1.25,1.64
South America,2017-04-02,1.43,1.64
South America,2017-04-03,2.94,1.69
South America,2017-04-04,1.12,1.68
South America,2017-04-05,1.37,1.68
South America,2017-04-06,1.29,1.66
South America,2017-04-07,1.27,1.64
South America,2017-04-08,1.74,1.65
South America,2017-04-09,1.53,1.64
South America,2017-04-10,1.78,1.64
South America,2017-04-11,1.5,1.63
South America,2017-04-12,1.97,1.65
South America,2017-04-13,1.17,1.65
South America,2017-04-14,1.83,1.63
South America,2017-04-15,1.89,1.6
South America,2017-04-16,1.07,1.58
South America,2017-04-17,1.21,1.58
South America,2017-04-18,1.62,1.59
South America,2017-04-19,1.63,1.6
South America,2017-04-20,1.44,1.6
South America,2017-04-21,1.54,1.6
South America,2017-04-22,1.73,1.58
South America,2017-04-23,2.0,1.59
South America,2017-04-24,2.14,1.62
South America,2017-04-25,1.67,1.62
South America,2017-04-26,1.88,1.64
South America,2017-04-27,1.62,1.63
South America,2017-04-28,1.25,1.58
South America,2017-04-29,1.18,1.58
South America,2017-04-30,1.63,1.59
South America,2017-05-01,1.0,1.58
South America,2017-05-02,1.33,1.58
South America,2017-05-03,1.7,1.54
South America,2017-05-04,1.09,1.54
South America,2017-05-05,1.67,1.55
South America,2017-05-06,1.32,1.55
South America,2017-05-07,1.2,1.54
South America,2017-05-08,2.18,1.56
South America,2017-05-09,1.81,1.57
South America,2017-05-10,1.43,1.56
South America,2017-05-11,1.68,1.56
South America,2017-05-12,1.17,1.54
South America,2017-05-13,1.45,1.54
South America,2017-05-14,2.1,1.55
South America,2017-05-15,1.09,1.53
South America,2017-05-16,1.84,1.55
South America,2017-05-17,1.67,1.57
South America,2017-05-18,1.5,1.56
South America,2017-05-19,1.06,1.55
South America,2017-05-20,2.36,1.58
South America,2017-05-21,1.57,1.58
South America,2017-05-22,1.16,1.56
South America,2017-05-23,2.0,1.56
South America,2017-05-24,1.43,1.53
South America,2017-05-25,1.64,1.53
South America,2017-05-26,1.96,1.54
South America,2017-05-27,1.78,1.54
South America,2017-05-28,1.48,1.55
South America,2017-05-29,1.41,1.56
South America,2017-05-30,1.88,1.56
South America,2017-05-31,1.25,1.57
South America,2017-06-01,1.78,1.59
South America,2017-06-02,2.17,1.6
South America,2017-06-03,1.33,1.61
South America,2017-06-04,2.2,1.63
South America,2017-06-05,1.71,1.64
South America,2017-06-06,1.85,1.66
South America,2017-06-07,2.07,1.66
South America,2017-06-08,1.79,1.66
South America,2017-06-09,1.33,1.66
South America,2017-06-10,1.9,1.66
South America,2017-06-11,1.5,1.68
South America,2017-06-12,2.67,1.72
South America,2017-06-13,1.37,1.69
South America,2017-06-14,1.53,1.71
South America,2017-06-15,1.54,1.7
South America,2017-06-16,1.74,1.7
South America,2017-06-17,1.51,1.7
South Asia,2015-10-25,2.05,2.05
South Asia,2015-10-26,1.0,1.53
South Asia,2015-10-27,1.89,1.65
South Asia,2015-10-28,2.25,1.8
South Asia,2015-10-29,1.18,1.68
South Asia,2015-10-30,1.25,1.6
South Asia,2015-10-31,2.71,1.76
South Asia,2015-11-01,1.7,1.76
South Asia,2015-11-02,1.63,1.74
South Asia,2015-11-03,1.5,1.72
South Asia,2015-11-04,2.0,1.74
South Asia,2015-11-05,1.72,1.74
South Asia,2015-11-06,1.6,1.73
South Asia,2015-11-07,2.18,1.76
South Asia,2015-11-08,1.35,1.73
South Asia,2015-11-09,1.24,1.7
South Asia,2015-11-10,2.74,1.76
South Asia,2015-11-11,1.47,1.75
South Asia,2015-11-12,1.5,1.74
South Asia,2015-11-14,1.0,1.7
South Asia,2015-11-15,1.36,1.68
South Asia,2015-11-16,1.0,1.65
South Asia,2015-11-17,2.0,1.67
South Asia,2015-11-18,1.44,1.66
South Asia,2015-11-19,1.7,1.66
South Asia,2015-11-20,2.36,1.69
South Asia,2015-11-21,1.42,1.68
South Asia,2015-11-22,1.26,1.66
South Asia,2015-11-23,2.33,1.68
South Asia,2015-11-24,1.0,1.66
South Asia,2015-11-25,1.62,1.65
South Asia,2015-11-26,1.55,1.67
South Asia,2015-11-27,1.06,1.64
South Asia,2015-11-28,1.08,1.6
South Asia,2015-11-29,1.45,1.61
South Asia,2015-11-30,1.0,1.6
South Asia,2015-12-01,2.04,1.58
South Asia,2015-12-02,1.55,1.57
South Asia,2015-12-03,2.22,1.59
South Asia,2015-12-04,1.46,1.59
South Asia,2015-12-05,1.75,1.58
South Asia,2015-12-06,1.6,1.58
South Asia,2015-12-07,2.52,1.61
South Asia,2015-12-08,1.68,1.59
South Asia,2015-12-09,1.51,1.6
South Asia,2015-12-10,1.67,1.61
South Asia,2015-12-11,1.88,1.58
South Asia,2015-12-12,1.91,1.6
South Asia,2015-12-13,1.96,1.61
South Asia,2015-12-14,1.71,1.64
South Asia,2015-12-15,2.21,1.67
South Asia,2015-12-16,1.0,1.67
South Asia,2015-12-17,1.0,1.63
South Asia,2015-12-18,1.84,1.65
South Asia,2015-12-19,1.58,1.64
South Asia,2015-12-20,1.24,1.6
South Asia,2015-12-21,2.13,1.63
South Asia,2015-12-22,1.81,1.65
South Asia,2015-12-23,1.58,1.62
South Asia,2015-12-24,1.64,1.64
South Asia,2015-12-25,1.54,1.64
South Asia,2015-12-26,1.4,1.63
South Asia,2015-12-27,1.0,1.63
South Asia,2015-12-28,2.25,1.67
South Asia,2015-12-29,1.36,1.67
South Asia,2015-12-30,1.83,1.7
South Asia,2015-12-31,2.05,1.7
South Asia,2016-01-01,1.4,1.69
South Asia,2016-01-02,1.27,1.66
South Asia,2016-01-03,1.3,1.65
South Asia,2016-01-04,1.68,1.65
South Asia,2016-01-05,1.6,1.65
South Asia,2016-01-06,2.89,1.66
South Asia,2016-01-07,1.35,1.65
South Asia,2016-01-08,1.15,1.64
South Asia,2016-01-09,1.63,1.64
South Asia,2016-01-10,1.79,1.64
South Asia,2016-01-11,1.64,1.63
South Asia,2016-01-12,1.74,1.62
South Asia,2016-01-13,1.53,1.61
South Asia,2016-01-14,1.57,1.59
South Asia,2016-01-15,1.26,1.6
South Asia,2016-01-16,1.67,1.62
South Asia,2016-01-17,2.64,1.65
South Asia,2016-01-18,1.44,1.65
South Asia,2016-01-19,2.09,1.67
South Asia,2016-01-20,1.44,1.65
South Asia,2016-01-21,1.69,1.65
South Asia,2016-01-22,1.17,1.63
South Asia,2016-01-23,1.45,1.63
South Asia,2016-01-24,1.58,1.63
South Asia,2016-01-25,1.38,1.63
South Asia,2016-01-27,1.43,1.64
South Asia,2016-01-28,1.67,1.62
South Asia,2016-01-29,1.87,1.64
South Asia,2016-01-30,1.98,1.64
South Asia,2016-01-31,1.33,1.62
South Asia,2016-02-01,1.2,1.61
South Asia,2016-02-02,1.93,1.64
South Asia,2016-02-03,1.6,1.65
South Asia,2016-02-04,2.0,1.66
South Asia,2016-02-05,1.54,1.65
South Asia,2016-02-06,2.0,1.62
South Asia,2016-02-07,1.16,1.62
South Asia,2016-02-08,1.36,1.63
South Asia,2016-02-09,1.67,1.63
South Asia,2016-02-10,2.44,1.65
South Asia,2016-02-11,1.58,1.65
South Asia,2016-02-12,1.32,1.63
South Asia,2016-02-13,1.71,1.64
South Asia,2016-02-14,1.13,1.62
South Asia,2016-02-15,1.38,1.63
South Asia,2016-02-16,1.67,1.63
South Asia,2016-02-17,1.58,1.59
South Asia,2016-02-18,1.55,1.6
South Asia,2016-02-19,1.58,1.58
South Asia,2016-02-20,1.46,1.58
South Asia,2016-02-21,1.43,1.57
South Asia,2016-02-22,1.13,1.57
South Asia,2016-02-23,1.31,1.57
South Asia,2016-02-24,1.81,1.57
South Asia,2016-02-25,1.21,1.57
South Asia,2016-02-26,2.0,1.59
South Asia,2016-02-27,1.88,1.59
South Asia,2016-02-28,1.85,1.59
South Asia,2016-02-29,1.32,1.57
South Asia,2016-03-01,1.33,1.57
South Asia,2016-03-02,1.57,1.58
South Asia,2016-03-03,2.0,1.59
South Asia,2016-03-04,1.85,1.59
South Asia,2016-03-05,1.43,1.57
South Asia,2016-03-06,2.17,1.6
South Asia,2016-03-07,1.85,1.59
South Asia,2016-03-08,1.55,1.6
South Asia,2016-03-09,1.27,1.6
South Asia,2016-03-10,1.18,1.58
South Asia,2016-03-11,2.0,1.57
South Asia,2016-03-12,1.0,1.55
South Asia,2016-03-13,1.92,1.57
South Asia,2016-03-14,1.94,1.58
South Asia,2016-03-15,1.94,1.6
South Asia,2016-03-16,2.07,1.63
South Asia,2016-03-17,2.5,1.66
South Asia,2016-03-18,1.83,1.66
South Asia,2016-08-26,1.13,1.65
South Asia,2016-08-27,1.0,1.63
South Asia,2016-08-28,1.0,1.61
South Asia,2016-08-29,1.5,1.62
South Asia,2016-08-30,2.0,1.65
South Asia,2016-08-31,1.4,1.65
South Asia,2016-09-02,1.0,1.62
South Asia,2016-09-03,2.33,1.66
South Asia,2016-09-04,1.25,1.63
South Asia,2016-09-05,1.64,1.63
South Asia,2016-09-06,1.47,1.61
South Asia,2016-09-07,2.0,1.64
South Asia,2016-09-08,1.0,1.63
South Asia,2016-09-09,1.29,1.62
South Asia,2016-09-10,3.25,1.66
South Asia,2016-09-12,1.36,1.64
South Asia,2016-09-13,1.4,1.64
South Asia,2016-09-14,1.0,1.6
South Asia,2016-09-17,1.2,1.58
South Asia,2016-09-18,3.0,1.63
South Asia,2016-09-19,1.0,1.62
South Asia,2016-09-21,2.36,1.66
South Asia,2016-09-22,2.5,1.68
South Asia,2016-09-23,1.0,1.68
South Asia,2016-09-24,2.5,1.7
South Asia,2016-09-26,1.56,1.68
South Asia,2016-09-27,1.0,1.65
South Asia,2016-09-28,1.23,1.62
South Asia,2016-09-29,1.0,1.57
South Asia,2016-10-02,1.6,1.57
South Asia,2016-10-03,2.44,1.61
South Asia,2016-10-04,1.78,1.64
South Asia,2016-10-06,1.0,1.64
South Asia,2016-10-07,1.0,1.62
South Asia,2016-10-08,1.4,1.6
South Asia,2016-10-09,2.0,1.62
South Asia,2016-10-10,1.8,1.65
South Asia,2016-10-11,1.0,1.6
South Asia,2016-10-12,1.0,1.59
South Asia,2016-10-13,2.38,1.62
South Asia,2016-10-14,1.44,1.62
South Asia,2016-10-15,1.0,1.58
South Asia,2016-10-16,1.57,1.6
South Asia,2016-10-17,1.0,1.59
South Asia,2016-10-18,2.0,1.55
South Asia,2016-10-19,1.95,1.57
South Asia,2016-10-20,1.0,1.56
South Asia,2016-10-21,2.13,1.59
South Asia,2016-10-22,3.2,1.66
South Asia,2016-10-23,1.5,1.61
South Asia,2016-10-24,1.33,1.62
South Asia,2016-10-25,1.64,1.6
South Asia,2016-10-26,1.0,1.55
South Asia,2016-10-29,1.33,1.56
South Asia,2016-10-30,1.2,1.52
South Asia,2016-10-31,2.0,1.53
South Asia,2016-11-02,1.6,1.55
South Asia,2016-11-03,4.0,1.64
South Asia,2016-11-04,2.0,1.68
South Asia,2016-11-05,3.0,1.72
South Asia,2016-11-06,1.0,1.68
South Asia,2016-11-07,2.5,1.7
South Asia,2016-11-08,1.07,1.7
South Asia,2016-11-09,1.0,1.7
South Asia,2016-11-10,1.0,1.69
South Asia,2016-11-11,2.0,1.69
South Asia,2016-11-12,1.63,1.68
South Asia,2016-11-16,2.0,1.72
South Asia,2016-11-17,1.4,1.73
South Asia,2016-11-18,1.77,1.71
South Asia,2016-11-19,1.81,1.72
South Asia,2016-11-20,1.24,1.73
South Asia,2016-11-21,1.27,1.72
South Asia,2016-11-22,1.67,1.74
South Asia,2016-11-24,1.0,1.71
South Asia,2016-11-26,1.33,1.69
South Asia,2016-11-27,1.0,1.69
South Asia,2016-11-29,1.83,1.68
South Asia,2016-11-30,1.0,1.6
South Asia,2016-12-01,1.0,1.59
South Asia,2016-12-02,1.56,1.59
South Asia,2016-12-03,2.0,1.61
South Asia,2016-12-06,2.7,1.66
South Asia,2016-12-08,1.0,1.65
South Asia,2016-12-09,1.17,1.65
South Asia,2016-12-10,1.0,1.62
South Asia,2016-12-11,1.0,1.6
South Asia,2016-12-12,1.0,1.5
South Asia,2016-12-13,1.0,1.46
South Asia,2016-12-16,1.36,1.41
South Asia,2016-12-17,3.0,1.48
South Asia,2016-12-18,1.09,1.43
South Asia,2016-12-19,1.6,1.45
South Asia,2016-12-21,2.0,1.48
South Asia,2016-12-23,1.67,1.5
South Asia,2016-12-24,2.0,1.5
South Asia,2016-12-26,1.25,1.49
South Asia,2016-12-27,1.4,1.47
South Asia,2016-12-28,1.29,1.47
South Asia,2016-12-29,2.5,1.49
South Asia,2016-12-31,1.17,1.47
South Asia,2017-01-02,1.0,1.46
South Asia,2017-01-03,1.2,1.46
South Asia,2017-01-05,2.83,1.5
South Asia,2017-01-06,1.78,1.52
South Asia,2017-01-07,1.0,1.51
South Asia,2017-01-08,1.44,1.53
South Asia,2017-01-10,1.57,1.52
South Asia,2017-01-13,1.0,1.52
South Asia,2017-01-15,1.0,1.52
South Asia,2017-01-16,1.55,1.52
South Asia,2017-01-17,1.0,1.49
South Asia,2017-11-11,1.5,1.45
South Asia,2017-11-12,1.43,1.46
South Asia,2017-11-13,1.25,1.46
South Asia,2017-11-14,1.14,1.47
South Asia,2017-11-15,1.33,1.48
South Asia,2017-11-16,1.0,1.48
South Asia,2017-11-17,2.0,1.51
South Asia,2017-11-18,1.33,1.51
South Asia,2017-11-19,1.88,1.47
South Asia,2017-11-20,1.94,1.5
South Asia,2017-11-21,1.56,1.5
South Asia,2017-11-22,1.83,1.49
South Asia,2017-11-23,1.42,1.49
South Asia,2017-11-24,2.17,1.49
South Asia,2017-11-25,1.25,1.49
South Asia,2017-11-26,1.23,1.49
South Asia,2017-11-27,1.71,1.5
South Asia,2017-11-28,1.56,1.47
South Asia,2017-11-29,1.0,1.46
South Asia,2017-11-30,1.67,1.49
South Asia,2017-12-01,2.2,1.52
South Asia,2017-12-02,1.43,1.47
South Asia,2017-12-03,1.4,1.46
South Asia,2017-12-04,1.5,1.48
South Asia,2017-12-05,1.25,1.47
South Asia,2017-12-06,2.15,1.49
South Asia,2017-12-07,1.14,1.49
South Asia,2017-12-08,1.33,1.5
South Asia,2017-12-09,1.43,1.5
South Asia,2017-12-10,1.67,1.52
South Asia,2017-12-11,1.5,1.52
South Asia,2017-12-12,2.33,1.55
South Asia,2017-12-13,1.62,1.57
South Asia,2017-12-14,2.4,1.61
South Asia,2017-12-15,1.27,1.61
South Asia,2017-12-16,1.0,1.61
South Asia,2017-12-17,1.57,1.59
South Asia,2017-12-18,2.0,1.61
South Asia,2017-12-19,1.88,1.61
South Asia,2017-12-20,1.5,1.6
South Asia,2017-12-21,1.69,1.6
South Asia,2017-12-22,1.38,1.59
South Asia,2017-12-23,1.67,1.6
South Asia,2017-12-24,1.67,1.58
South Asia,2017-12-25,2.33,1.62
South Asia,2017-12-26,1.93,1.64
South Asia,2017-12-27,1.22,1.62
South Asia,2017-12-28,1.5,1.62
South Asia,2017-12-29,1.42,1.63
South Asia,2017-12-30,2.0,1.65
South Asia,2017-12-31,1.57,1.62
South Asia,2018-01-01,1.11,1.61
South Asia,2018-01-02,1.88,1.63
South Asia,2018-01-03,1.5,1.63
South Asia,2018-01-04,1.15,1.63
South Asia,2018-01-05,1.5,1.61
South Asia,2018-01-06,1.5,1.62
South Asia,2018-01-07,1.55,1.62
South Asia,2018-01-08,1.6,1.63
South Asia,2018-01-09,2.45,1.66
South Asia,2018-01-10,1.0,1.64
South Asia,2018-01-11,1.4,1.61
South Asia,2018-01-12,1.67,1.61
South Asia,2018-01-13,1.09,1.57
South Asia,2018-01-14,1.5,1.57
South Asia,2018-01-15,2.33,1.62
South Asia,2018-01-16,1.33,1.61
South Asia,2018-01-17,1.67,1.6
South Asia,2018-01-18,1.78,1.6
South Asia,2018-01-19,1.25,1.59
South Asia,2018-01-20,1.73,1.59
South Asia,2018-01-21,1.58,1.6
South Asia,2018-01-22,2.5,1.62
South Asia,2018-01-23,2.0,1.63
South Asia,2018-01-24,2.5,1.64
South Asia,2018-01-25,1.53,1.63
South Asia,2018-01-26,1.57,1.64
South Asia,2018-01-27,1.71,1.65
South Asia,2018-01-28,2.6,1.69
South Asia,2018-01-29,2.43,1.7
South Asia,2018-01-30,1.7,1.7
South Asia,2018-01-31,1.64,1.72
South of  USA ,2016-04-01,2.0,2.0
South of  USA ,2016-04-02,1.56,1.78
South of  USA ,2016-04-03,1.52,1.69
South of  USA ,2016-04-04,1.25,1.58
South of  USA ,2016-04-05,1.0,1.47
South of  USA ,2016-04-06,1.43,1.46
South of  USA ,2016-04-07,1.38,1.45
South of  USA ,2016-04-08,1.0,1.39
South of  USA ,2016-04-09,1.24,1.37
South of  USA ,2016-04-10,1.81,1.42
South of  USA ,2016-04-11,2.0,1.47
South of  USA ,2016-04-12,1.69,1.49
South of  USA ,2016-04-13,1.5,1.49
South of  USA ,2016-04-14,1.9,1.52
South of  USA ,2016-04-15,1.0,1.48
South of  USA ,2016-04-16,2.0,1.52
South of  USA ,2016-04-17,1.46,1.51
South of  USA ,2016-04-18,1.5,1.51
South of  USA ,2016-04-19,1.33,1.5
South of  USA ,2016-04-20,2.24,1.54
South of  USA ,2016-04-21,1.47,1.54
South of  USA ,2016-04-22,1.19,1.52
South of  USA ,2016-04-23,2.1,1.55
South of  USA ,2016-04-24,1.6,1.55
South of  USA ,2016-04-26,1.0,1.53
South of  USA ,2016-04-27,1.5,1.53
South of  USA ,2016-04-28,1.33,1.52
South of  USA ,2016-04-29,1.08,1.5
South of  USA ,2016-04-30,1.25,1.49
South of  USA ,2016-05-01,1.27,1.49
South of  USA ,2016-05-03,1.0,1.45
South of  USA ,2016-05-04,1.0,1.43
South of  USA ,2016-05-05,1.68,1.44
South of  USA ,2016-05-06,1.0,1.43
South of  USA ,2016-05-07,1.15,1.44
South of  USA ,2016-05-08,2.0,1.46
South of  USA ,2016-05-09,1.67,1.47
South of  USA ,2016-05-10,1.44,1.48
South of  USA ,2016-05-11,1.5,1.49
South of  USA ,2016-05-12,1.81,1.49
South of  USA ,2016-05-13,1.79,1.48
South of  USA ,2016-05-14,1.0,1.46
South of  USA ,2016-05-15,2.63,1.5
South of  USA ,2016-05-16,1.8,1.49
South of  USA ,2016-05-17,1.4,1.51
South of  USA ,2016-05-18,2.0,1.51
South of  USA ,2016-05-19,1.26,1.5
South of  USA ,2016-05-20,1.0,1.48
South of  USA ,2016-05-21,1.09,1.48
South of  USA ,2016-05-22,1.45,1.45
South of  USA ,2016-05-23,1.24,1.44
South of  USA ,2016-05-24,1.0,1.44
South of  USA ,2016-05-25,1.76,1.42
South of  USA ,2016-05-26,1.93,1.44
South of  USA ,2016-05-27,1.69,1.46
South of  USA ,2016-05-28,2.38,1.49
South of  USA ,2016-05-29,1.32,1.49
South of  USA ,2016-05-30,1.35,1.5
South of  USA ,2016-05-31,1.21,1.49
South of  USA ,2016-06-01,1.27,1.49
South of  USA ,2016-06-02,1.56,1.51
South of  USA ,2016-06-03,1.64,1.53
South of  USA ,2016-06-04,1.86,1.54
South of  USA ,2016-06-05,1.15,1.55
South of  USA ,2016-06-06,1.0,1.54
South of  USA ,2016-06-07,2.41,1.55
South of  USA ,2016-06-08,1.77,1.56
South of  USA ,2016-06-09,1.0,1.54
South of  USA ,2016-06-10,2.1,1.56
South of  USA ,2016-06-11,1.71,1.56
South of  USA ,2016-06-12,1.58,1.55
South of  USA ,2016-06-13,2.15,1.59
South of  USA ,2016-06-14,1.0,1.54
South of  USA ,2016-06-15,2.5,1.56
South of  USA ,2016-06-16,1.0,1.55
South of  USA ,2016-06-17,2.07,1.55
South of  USA ,2016-06-18,1.58,1.56
South of  USA ,2016-06-20,1.2,1.57
South of  USA ,2016-06-21,1.0,1.56
South of  USA ,2016-06-22,2.5,1.6
South of  USA ,2016-06-23,2.0,1.62
South of  USA ,2016-06-24,1.63,1.64
South of  USA ,2016-06-25,1.31,1.63
South of  USA ,2016-06-26,2.0,1.63
South of  USA ,2016-06-27,1.24,1.62
South of  USA ,2016-06-28,2.15,1.61
South of  USA ,2016-06-29,2.0,1.63
South of  USA ,2016-06-30,1.9,1.65
South of  USA ,2016-07-01,1.88,1.67
South of  USA ,2016-07-02,2.0,1.7
South of  USA ,2016-07-04,1.3,1.69
South of  USA ,2016-07-05,1.76,1.69
South of  USA ,2016-07-06,1.5,1.68
South of  USA ,2016-07-07,1.11,1.68
South of  USA ,2016-07-08,1.16,1.68
South of  USA ,2016-07-09,2.88,1.7
South of  USA ,2016-07-10,1.47,1.69
South of  USA ,2016-07-11,1.47,1.7
South of  USA ,2016-07-12,1.69,1.69
South of  USA ,2016-07-13,1.5,1.68
South of  USA ,2016-07-14,1.52,1.68
South of  USA ,2016-07-15,3.0,1.71
South of  USA ,2016-07-16,1.43,1.72
South of  USA ,2016-07-17,1.96,1.71
South of  USA ,2016-07-18,1.33,1.72
South of  USA ,2016-07-19,1.78,1.71
South of  USA ,2016-07-20,1.56,1.71
South of  USA ,2016-07-21,1.0,1.7
South of  USA ,2016-07-22,1.47,1.72
South of  USA ,2016-07-23,1.31,1.68
South of  USA ,2016-07-24,2.12,1.68
South of  USA ,2016-07-25,1.45,1.68
South of  USA ,2016-07-26,1.42,1.68
South of  USA ,2016-07-27,1.74,1.67
South of  USA ,2016-07-28,1.21,1.67
South of  USA ,2016-07-29,1.56,1.65
South of  USA ,2016-07-30,2.21,1.66
South of  USA ,2016-07-31,1.66,1.65
South of  USA ,2016-08-01,1.17,1.62
South of  USA ,2016-08-02,1.0,1.59
South of  USA ,2016-08-03,1.89,1.61
South of  USA ,2016-08-04,1.63,1.61
South of  USA ,2016-08-05,1.2,1.6
South of  USA ,2016-08-06,2.52,1.64
South of  USA ,2016-08-07,1.57,1.66
South of  USA ,2016-08-08,2.22,1.64
South of  USA ,2016-08-09,1.61,1.64
South of  USA ,2016-08-10,1.67,1.65
South of  USA ,2016-08-11,2.06,1.66
South of  USA ,2016-08-12,2.23,1.68
South of  USA ,2016-08-13,1.9,1.7
South of  USA ,2016-08-14,1.14,1.63
South of  USA ,2016-08-15,1.29,1.63
South of  USA ,2016-08-16,1.33,1.61
South of  USA ,2016-08-17,1.73,1.62
South of  USA ,2016-08-19,1.0,1.6
South of  USA ,2016-08-20,1.0,1.58
South of  USA ,2016-08-21,1.33,1.59
South of  USA ,2016-08-22,1.63,1.59
South of  USA ,2016-08-23,1.2,1.59
South of  USA ,2016-08-25,1.4,1.57
Southeast Asia,2015-10-24,2.0,2.0
Southeast Asia,2015-10-25,1.21,1.6
Southeast Asia,2015-10-26,2.56,1.92
Southeast Asia,2015-10-27,1.27,1.76
Southeast Asia,2015-10-28,1.61,1.73
Southeast Asia,2015-10-29,1.0,1.61
Southeast Asia,2015-10-30,1.4,1.58
Southeast Asia,2015-10-31,1.97,1.63
Southeast Asia,2015-11-01,1.92,1.66
Southeast Asia,2015-11-02,1.48,1.64
Southeast Asia,2015-11-03,2.11,1.68
Southeast Asia,2015-11-04,1.82,1.7
Southeast Asia,2015-11-05,1.71,1.7
Southeast Asia,2015-11-06,1.56,1.69
Southeast Asia,2015-11-07,2.47,1.74
Southeast Asia,2015-11-08,1.61,1.73
Southeast Asia,2015-11-09,1.46,1.72
Southeast Asia,2015-11-10,2.0,1.73
Southeast Asia,2015-11-11,1.5,1.72
Southeast Asia,2015-11-12,1.0,1.68
Southeast Asia,2015-11-13,1.64,1.68
Southeast Asia,2015-11-14,1.42,1.67
Southeast Asia,2015-11-15,1.65,1.67
Southeast Asia,2015-11-16,1.52,1.66
Southeast Asia,2015-11-17,1.19,1.64
Southeast Asia,2015-11-18,1.61,1.64
Southeast Asia,2015-11-19,1.76,1.65
Southeast Asia,2015-11-20,1.6,1.64
Southeast Asia,2015-11-21,1.72,1.65
Southeast Asia,2015-11-22,1.81,1.65
Southeast Asia,2015-11-23,1.77,1.65
Southeast Asia,2015-11-24,2.07,1.67
Southeast Asia,2015-11-25,1.68,1.64
Southeast Asia,2015-11-26,1.91,1.67
Southeast Asia,2015-11-27,1.86,1.67
Southeast Asia,2015-11-28,1.26,1.68
Southeast Asia,2015-11-29,1.68,1.69
Southeast Asia,2015-11-30,1.06,1.66
Southeast Asia,2015-12-01,1.52,1.65
Southeast Asia,2015-12-02,1.13,1.64
Southeast Asia,2015-12-03,1.48,1.62
Southeast Asia,2015-12-04,1.51,1.61
Southeast Asia,2015-12-05,1.22,1.59
Southeast Asia,2015-12-06,1.41,1.58
Southeast Asia,2015-12-07,1.42,1.55
Southeast Asia,2015-12-08,1.64,1.55
Southeast Asia,2015-12-09,1.11,1.54
Southeast Asia,2015-12-10,1.45,1.52
Southeast Asia,2015-12-11,1.32,1.51
Southeast Asia,2015-12-12,1.23,1.52
Southeast Asia,2015-12-13,1.09,1.5
Southeast Asia,2015-12-14,1.83,1.52
Southeast Asia,2015-12-15,1.56,1.51
Southeast Asia,2015-12-16,1.0,1.5
Southeast Asia,2015-12-17,1.66,1.51
Southeast Asia,2015-12-18,1.5,1.51
Southeast Asia,2015-12-19,1.41,1.5
Southeast Asia,2015-12-20,1.23,1.48
Southeast Asia,2015-12-21,1.87,1.49
Southeast Asia,2015-12-22,1.38,1.48
Southeast Asia,2015-12-23,2.24,1.49
Southeast Asia,2015-12-24,1.38,1.47
Southeast Asia,2015-12-25,1.41,1.46
Southeast Asia,2015-12-26,2.11,1.47
Southeast Asia,2015-12-27,1.81,1.46
Southeast Asia,2015-12-28,1.66,1.48
Southeast Asia,2015-12-29,1.69,1.48
Southeast Asia,2015-12-30,1.84,1.5
Southeast Asia,2015-12-31,1.0,1.49
Southeast Asia,2016-01-01,1.78,1.51
Southeast Asia,2016-01-02,1.63,1.51
Southeast Asia,2016-01-03,2.18,1.54
Southeast Asia,2016-01-04,1.55,1.55
Southeast Asia,2016-01-05,1.0,1.53
Southeast Asia,2016-01-06,1.62,1.54
Southeast Asia,2016-01-07,1.0,1.52
Southeast Asia,2016-01-08,1.11,1.52
Southeast Asia,2016-01-09,1.69,1.53
Southeast Asia,2016-01-10,1.46,1.53
Southeast Asia,2016-01-11,1.36,1.53
Southeast Asia,2016-01-12,1.66,1.55
Southeast Asia,2016-01-13,2.08,1.56
Southeast Asia,2016-01-14,1.44,1.56
Southeast Asia,2016-01-15,1.53,1.57
Southeast Asia,2016-01-16,1.75,1.58
Southeast Asia,2016-01-17,2.06,1.6
Southeast Asia,2016-01-18,1.64,1.6
Southeast Asia,2016-01-19,2.6,1.65
Southeast Asia,2016-01-20,1.76,1.65
Southeast Asia,2016-01-21,1.55,1.65
Southeast Asia,2016-01-22,1.34,1.62
Southeast Asia,2016-01-23,1.42,1.62
Southeast Asia,2016-01-24,1.3,1.62
Southeast Asia,2016-01-25,2.0,1.62
Southeast Asia,2016-01-26,1.65,1.61
Southeast Asia,2016-01-27,1.31,1.6
Southeast Asia,2016-01-28,2.0,1.61
Southeast Asia,2016-01-29,1.85,1.61
Southeast Asia,2016-01-30,2.15,1.65
Southeast Asia,2016-01-31,1.23,1.63
Southeast Asia,2016-02-01,1.37,1.62
Southeast Asia,2016-02-02,1.61,1.6
Southeast Asia,2016-02-03,1.0,1.58
Southeast Asia,2016-02-04,1.45,1.6
Southeast Asia,2016-02-05,1.97,1.61
Southeast Asia,2016-02-06,1.15,1.62
Southeast Asia,2016-02-07,1.65,1.63
Southeast Asia,2016-02-08,1.22,1.62
Southeast Asia,2016-02-09,2.2,1.64
Southeast Asia,2016-02-10,1.5,1.65
Southeast Asia,2016-02-11,1.95,1.66
Southeast Asia,2016-02-12,1.7,1.64
Southeast Asia,2016-02-13,1.85,1.66
Southeast Asia,2016-02-14,1.0,1.64
Southeast Asia,2016-02-15,2.0,1.65
Southeast Asia,2016-02-16,1.43,1.63
Southeast Asia,2016-02-17,1.1,1.61
Southeast Asia,2016-02-18,1.49,1.57
Southeast Asia,2016-02-19,1.83,1.57
Southeast Asia,2016-02-20,1.95,1.59
Southeast Asia,2016-02-21,1.88,1.61
Southeast Asia,2016-02-22,1.79,1.62
Southeast Asia,2016-02-23,1.56,1.63
Southeast Asia,2016-02-24,1.33,1.6
Southeast Asia,2016-02-25,2.05,1.62
Southeast Asia,2016-02-26,1.69,1.63
Southeast Asia,2016-02-27,1.6,1.62
Southeast Asia,2016-02-28,2.05,1.62
Southeast Asia,2016-02-29,1.38,1.6
Southeast Asia,2016-03-01,1.41,1.6
Southeast Asia,2016-03-02,1.27,1.6
Southeast Asia,2016-03-03,1.1,1.58
Southeast Asia,2016-03-04,2.0,1.62
Southeast Asia,2016-03-05,1.57,1.62
Southeast Asia,2016-03-06,1.25,1.6
Southeast Asia,2016-03-07,1.8,1.62
Southeast Asia,2016-03-08,1.24,1.61
Southeast Asia,2016-03-09,1.86,1.63
Southeast Asia,2016-03-10,1.23,1.59
Southeast Asia,2016-03-11,1.38,1.59
Southeast Asia,2016-03-12,1.38,1.57
Southeast Asia,2016-03-13,1.52,1.57
Southeast Asia,2016-03-14,1.0,1.54
Southeast Asia,2016-03-15,1.75,1.56
Southeast Asia,2016-03-16,1.26,1.54
Southeast Asia,2016-03-17,1.54,1.54
Southeast Asia,2016-04-01,4.0,1.64
Southeast Asia,2017-11-11,1.36,1.63
Southeast Asia,2017-11-12,1.54,1.62
Southeast Asia,2017-11-13,1.45,1.61
Southeast Asia,2017-11-14,1.82,1.61
Southeast Asia,2017-11-15,1.6,1.6
Southeast Asia,2017-11-16,1.43,1.6
Southeast Asia,2017-11-17,2.38,1.63
Southeast Asia,2017-11-18,1.31,1.61
Southeast Asia,2017-11-19,1.54,1.6
Southeast Asia,2017-11-20,1.56,1.6
Southeast Asia,2017-11-21,1.3,1.57
Southeast Asia,2017-11-22,1.47,1.58
Southeast Asia,2017-11-23,1.33,1.57
Southeast Asia,2017-11-24,2.0,1.6
Southeast Asia,2017-11-25,1.78,1.62
Southeast Asia,2017-11-26,1.18,1.59
Southeast Asia,2017-11-27,1.71,1.6
Southeast Asia,2017-11-28,1.93,1.62
Southeast Asia,2017-11-29,2.0,1.63
Southeast Asia,2017-11-30,1.11,1.62
Southeast Asia,2017-12-01,1.83,1.62
Southeast Asia,2017-12-02,1.75,1.64
Southeast Asia,2017-12-03,1.35,1.64
Southeast Asia,2017-12-04,1.74,1.65
Southeast Asia,2017-12-05,2.0,1.67
Southeast Asia,2017-12-06,1.48,1.68
Southeast Asia,2017-12-07,1.33,1.67
Southeast Asia,2017-12-08,1.45,1.68
Southeast Asia,2017-12-09,2.11,1.7
Southeast Asia,2017-12-10,1.31,1.61
Southeast Asia,2017-12-11,2.07,1.63
Southeast Asia,2017-12-12,1.45,1.63
Southeast Asia,2017-12-13,2.11,1.65
Southeast Asia,2017-12-14,1.6,1.64
Southeast Asia,2017-12-15,2.28,1.66
Southeast Asia,2017-12-16,1.64,1.67
Southeast Asia,2017-12-17,1.67,1.65
Southeast Asia,2017-12-18,1.0,1.64
Southeast Asia,2017-12-19,2.17,1.66
Southeast Asia,2017-12-20,1.4,1.65
Southeast Asia,2017-12-21,1.57,1.66
Southeast Asia,2017-12-22,1.71,1.67
Southeast Asia,2017-12-23,1.57,1.68
Southeast Asia,2017-12-24,1.65,1.67
Southeast Asia,2017-12-25,1.45,1.65
Southeast Asia,2017-12-26,1.5,1.66
Southeast Asia,2017-12-27,1.5,1.66
Southeast Asia,2017-12-28,1.62,1.65
Southeast Asia,2017-12-29,2.07,1.65
Southeast Asia,2017-12-30,2.0,1.68
Southeast Asia,2017-12-31,1.75,1.68
Southeast Asia,2018-01-01,1.73,1.68
Southeast Asia,2018-01-02,1.56,1.68
Southeast Asia,2018-01-03,1.36,1.67
Southeast Asia,2018-01-04,1.38,1.65
Southeast Asia,2018-01-05,1.71,1.66
Southeast Asia,2018-01-06,1.54,1.66
Southeast Asia,2018-01-07,1.27,1.66
Southeast Asia,2018-01-08,1.6,1.64
Southeast Asia,2018-01-09,1.93,1.66
Southeast Asia,2018-01-10,2.67,1.68
Southeast Asia,2018-01-11,1.4,1.68
Southeast Asia,2018-01-12,1.91,1.67
Southeast Asia,2018-01-13,1.64,1.67
Southeast Asia,2018-01-14,1.56,1.65
Southeast Asia,2018-01-15,1.54,1.65
Southeast Asia,2018-01-16,1.5,1.64
Southeast Asia,2018-01-17,1.83,1.67
Southeast Asia,2018-01-18,2.06,1.66
Southeast Asia,2018-01-19,1.6,1.67
Southeast Asia,2018-01-20,1.5,1.67
Southeast Asia,2018-01-21,1.64,1.67
Southeast Asia,2018-01-22,1.8,1.67
Southeast Asia,2018-01-23,1.56,1.67
Southeast Asia,2018-01-24,2.0,1.69
Southeast Asia,2018-01-25,1.33,1.68
Southeast Asia,2018-01-26,1.5,1.68
Southeast Asia,2018-01-27,1.67,1.69
Southeast Asia,2018-01-28,1.11,1.65
Southeast Asia,2018-01-29,1.47,1.64
Southeast Asia,2018-01-30,1.72,1.64
Southeast Asia,2018-01-31,1.82,1.64
Southern Africa,2016-08-26,1.63,1.63
Southern Africa,2016-08-28,1.56,1.59
Southern Africa,2016-08-29,1.83,1.67
Southern Africa,2016-08-30,1.0,1.51
Southern Africa,2016-08-31,1.6,1.52
Southern Africa,2016-09-02,1.71,1.55
Southern Africa,2016-09-03,1.15,1.5
Southern Africa,2016-09-04,2.0,1.56
Southern Africa,2016-09-07,1.0,1.5
Southern Africa,2016-09-08,1.2,1.47
Southern Africa,2016-09-10,1.0,1.43
Southern Africa,2016-09-11,1.43,1.43
Southern Africa,2016-09-12,1.0,1.39
Southern Africa,2016-09-13,4.0,1.58
Southern Africa,2016-09-14,1.0,1.54
Southern Africa,2016-09-17,2.75,1.62
Southern Africa,2016-09-19,1.29,1.6
Southern Africa,2016-09-20,1.0,1.56
Southern Africa,2016-09-22,1.0,1.53
Southern Africa,2016-09-23,1.8,1.55
Southern Africa,2016-09-24,1.0,1.52
Southern Africa,2016-09-27,1.4,1.52
Southern Africa,2016-09-28,2.0,1.54
Southern Africa,2016-09-29,1.29,1.53
Southern Africa,2016-09-30,1.0,1.51
Southern Africa,2016-10-02,1.4,1.5
Southern Africa,2016-10-03,1.0,1.48
Southern Africa,2016-10-04,1.0,1.47
Southern Africa,2016-10-06,1.5,1.47
Southern Africa,2016-10-07,2.0,1.48
Southern Africa,2016-10-10,2.22,1.5
Southern Africa,2016-10-11,1.95,1.52
Southern Africa,2016-10-12,2.0,1.52
Southern Africa,2016-10-15,1.82,1.55
Southern Africa,2016-10-16,1.44,1.54
Southern Africa,2016-10-21,1.44,1.54
Southern Africa,2016-10-23,3.0,1.6
Southern Africa,2016-10-24,1.0,1.56
Southern Africa,2016-10-28,2.0,1.6
Southern Africa,2016-10-30,1.5,1.61
Southern Africa,2016-10-31,1.0,1.61
Southern Africa,2016-11-01,2.33,1.64
Southern Africa,2016-11-02,1.1,1.64
Southern Africa,2016-11-04,1.0,1.54
Southern Africa,2016-11-05,1.0,1.54
Southern Africa,2016-11-06,2.43,1.53
Southern Africa,2016-11-08,2.67,1.58
Southern Africa,2016-11-09,1.13,1.58
Southern Africa,2016-11-10,1.0,1.58
Southern Africa,2016-11-13,2.0,1.59
Southern Africa,2016-11-16,1.0,1.59
Southern Africa,2016-11-17,2.0,1.61
Southern Africa,2016-11-18,1.8,1.6
Southern Africa,2016-11-19,2.9,1.65
Southern Africa,2016-11-20,1.43,1.67
Southern Africa,2016-11-21,1.83,1.68
Southern Africa,2016-11-22,1.67,1.71
Southern Africa,2016-11-23,1.2,1.71
Southern Africa,2016-11-25,2.0,1.73
Southern Africa,2016-11-26,1.83,1.72
Southern Africa,2016-11-29,1.0,1.68
Southern Africa,2016-12-04,1.0,1.65
Southern Africa,2016-12-07,1.0,1.62
Southern Africa,2016-12-08,4.0,1.69
Southern Africa,2016-12-10,1.0,1.68
Southern Africa,2016-12-11,1.0,1.66
Southern Africa,2016-12-12,2.0,1.63
Southern Africa,2016-12-13,1.0,1.63
Southern Africa,2016-12-14,1.67,1.62
Southern Africa,2016-12-15,1.33,1.61
Southern Africa,2016-12-17,1.25,1.62
Southern Africa,2016-12-18,1.17,1.58
Southern Africa,2016-12-19,1.0,1.58
Southern Africa,2016-12-21,1.0,1.58
Southern Africa,2016-12-22,1.0,1.58
Southern Africa,2016-12-24,1.0,1.53
Southern Africa,2016-12-25,1.21,1.48
Southern Africa,2016-12-26,1.5,1.49
Southern Africa,2016-12-27,2.0,1.53
Southern Africa,2016-12-28,1.68,1.52
Southern Africa,2016-12-29,2.0,1.55
Southern Africa,2016-12-30,1.5,1.53
Southern Africa,2017-01-01,2.0,1.54
Southern Africa,2017-01-02,1.38,1.49
Southern Africa,2017-01-04,1.0,1.47
Southern Africa,2017-01-05,1.0,1.45
Southern Africa,2017-01-08,1.0,1.42
Southern Africa,2017-01-10,1.0,1.42
Southern Africa,2017-01-13,1.0,1.38
Southern Africa,2017-01-14,2.0,1.39
Southern Africa,2017-01-15,1.44,1.4
Southern Africa,2017-01-16,2.0,1.44
Southern Europe,2015-05-31,1.0,1.0
Southern Europe,2015-06-01,2.05,1.52
Southern Europe,2015-06-02,2.0,1.68
Southern Europe,2015-06-03,1.31,1.59
Southern Europe,2015-06-04,1.33,1.54
Southern Europe,2015-06-05,1.19,1.48
Southern Europe,2015-06-06,1.75,1.52
Southern Europe,2015-06-07,1.64,1.53
Southern Europe,2015-06-08,2.05,1.59
Southern Europe,2015-06-09,2.08,1.64
Southern Europe,2015-06-10,1.16,1.6
Southern Europe,2015-06-11,1.9,1.62
Southern Europe,2015-06-12,2.91,1.72
Southern Europe,2015-06-13,1.32,1.69
Southern Europe,2015-06-14,2.13,1.72
Southern Europe,2015-06-15,1.6,1.71
Southern Europe,2015-06-16,1.0,1.67
Southern Europe,2015-06-17,1.33,1.65
Southern Europe,2015-06-18,2.11,1.68
Southern Europe,2015-06-19,1.79,1.68
Southern Europe,2015-06-20,1.45,1.67
Southern Europe,2015-06-21,1.36,1.66
Southern Europe,2015-06-22,1.08,1.63
Southern Europe,2015-06-23,1.13,1.61
Southern Europe,2015-06-24,1.17,1.59
Southern Europe,2015-06-25,1.67,1.6
Southern Europe,2015-06-26,1.07,1.58
Southern Europe,2015-06-27,1.1,1.56
Southern Europe,2015-06-28,2.85,1.6
Southern Europe,2015-06-29,1.83,1.61
Southern Europe,2015-06-30,1.15,1.62
Southern Europe,2015-07-01,1.7,1.6
Southern Europe,2015-07-02,2.43,1.62
Southern Europe,2015-07-03,1.45,1.62
Southern Europe,2015-07-04,1.85,1.64
Southern Europe,2015-07-05,1.88,1.66
Southern Europe,2015-07-06,1.8,1.67
Southern Europe,2015-07-07,1.24,1.65
Southern Europe,2015-07-08,1.52,1.63
Southern Europe,2015-07-09,1.0,1.6
Southern Europe,2015-07-10,2.02,1.63
Southern Europe,2015-07-11,1.34,1.61
Southern Europe,2015-07-12,1.0,1.55
Southern Europe,2015-07-13,1.0,1.53
Southern Europe,2015-07-14,2.36,1.54
Southern Europe,2015-07-15,1.69,1.54
Southern Europe,2015-07-16,1.69,1.57
Southern Europe,2015-07-17,1.14,1.56
Southern Europe,2015-07-18,1.34,1.54
Southern Europe,2015-07-19,3.0,1.58
Southern Europe,2015-07-20,1.33,1.57
Southern Europe,2015-07-21,1.36,1.57
Southern Europe,2015-07-22,2.31,1.61
Southern Europe,2015-07-23,1.65,1.63
Southern Europe,2015-07-24,1.58,1.64
Southern Europe,2015-07-25,1.21,1.63
Southern Europe,2015-07-26,1.61,1.65
Southern Europe,2015-07-27,1.56,1.66
Southern Europe,2015-07-28,1.39,1.61
Southern Europe,2015-07-29,1.31,1.6
Southern Europe,2015-07-30,1.17,1.6
Southern Europe,2015-07-31,1.6,1.59
Southern Europe,2015-08-01,1.48,1.56
Southern Europe,2015-08-02,2.89,1.61
Southern Europe,2015-08-03,1.6,1.6
Southern Europe,2015-08-04,1.18,1.58
Southern Europe,2015-08-05,1.0,1.55
Southern Europe,2015-08-06,1.78,1.57
Southern Europe,2015-08-07,1.18,1.56
Southern Europe,2015-08-08,1.81,1.59
Southern Europe,2015-08-09,1.12,1.56
Southern Europe,2015-08-10,1.85,1.57
Southern Europe,2015-08-11,1.29,1.58
Southern Europe,2015-08-12,1.06,1.58
Southern Europe,2015-08-13,1.0,1.54
Southern Europe,2015-08-14,1.62,1.54
Southern Europe,2015-08-15,2.5,1.56
Southern Europe,2015-08-16,1.36,1.57
Southern Europe,2015-08-17,1.53,1.58
Southern Europe,2015-08-18,1.27,1.52
Southern Europe,2015-08-19,2.84,1.57
Southern Europe,2015-08-20,2.0,1.59
Southern Europe,2015-08-21,1.09,1.55
Southern Europe,2015-08-22,1.0,1.53
Southern Europe,2015-08-23,1.69,1.53
Southern Europe,2015-08-24,1.13,1.53
Southern Europe,2015-08-25,1.33,1.52
Southern Europe,2015-08-26,1.62,1.52
Southern Europe,2015-08-27,2.0,1.54
Southern Europe,2015-08-28,1.67,1.55
Southern Europe,2015-08-29,1.83,1.58
Southern Europe,2015-08-30,1.2,1.56
Southern Europe,2015-08-31,1.53,1.56
Southern Europe,2015-09-01,1.7,1.53
Southern Europe,2015-09-02,1.29,1.51
Southern Europe,2015-09-03,1.38,1.52
Southern Europe,2015-09-04,1.67,1.54
Southern Europe,2015-09-05,1.96,1.55
Southern Europe,2015-09-06,1.36,1.56
Southern Europe,2015-09-07,1.68,1.55
Southern Europe,2015-09-08,1.3,1.56
Southern Europe,2015-09-09,1.8,1.56
Southern Europe,2015-09-10,1.25,1.55
Southern Europe,2015-09-11,1.1,1.56
Southern Europe,2015-09-12,1.34,1.57
Southern Europe,2015-09-13,3.83,1.64
Southern Europe,2015-09-14,1.0,1.59
Southern Europe,2015-09-15,1.36,1.59
Southern Europe,2015-09-16,1.68,1.6
Southern Europe,2015-09-17,2.17,1.63
Southern Europe,2015-09-18,1.0,1.57
Southern Europe,2015-09-19,1.42,1.55
Southern Europe,2015-09-20,1.56,1.56
Southern Europe,2015-09-21,1.27,1.57
Southern Europe,2015-09-22,1.82,1.57
Southern Europe,2015-09-23,1.49,1.59
Southern Europe,2015-09-24,1.0,1.58
Southern Europe,2015-09-25,1.34,1.57
Southern Europe,2015-09-27,1.43,1.55
Southern Europe,2015-09-28,2.0,1.56
Southern Europe,2015-09-29,1.54,1.55
Southern Europe,2015-09-30,1.73,1.57
Southern Europe,2015-10-01,1.28,1.56
Southern Europe,2015-10-02,1.55,1.55
Southern Europe,2015-10-03,1.43,1.56
Southern Europe,2015-10-04,1.0,1.55
Southern Europe,2015-10-05,1.33,1.53
Southern Europe,2015-10-06,1.32,1.51
Southern Europe,2015-10-07,1.05,1.5
Southern Europe,2015-10-08,1.59,1.5
Southern Europe,2015-10-09,1.17,1.49
Southern Europe,2015-10-10,1.1,1.47
Southern Europe,2015-10-11,1.5,1.48
Southern Europe,2015-10-12,1.29,1.49
Southern Europe,2015-10-13,1.88,1.5
Southern Europe,2015-10-14,1.93,1.44
Southern Europe,2015-10-15,1.58,1.46
Southern Europe,2015-10-16,1.37,1.46
Southern Europe,2015-10-17,1.81,1.46
Southern Europe,2015-10-18,1.29,1.43
Southern Europe,2015-10-19,2.09,1.47
Southern Europe,2015-10-20,1.24,1.47
Southern Europe,2015-10-21,1.79,1.47
Southern Europe,2015-10-22,1.0,1.46
Southern Europe,2015-10-23,1.0,1.44
Southern Europe,2016-08-26,1.0,1.42
Southern Europe,2016-09-01,1.0,1.42
Southern Europe,2016-09-06,2.2,1.45
Southern Europe,2016-09-16,1.0,1.43
Southern Europe,2016-09-19,1.0,1.4
Southern Europe,2016-09-20,1.0,1.38
Southern Europe,2016-09-26,1.0,1.36
Southern Europe,2016-09-30,1.0,1.35
Southern Europe,2016-10-10,1.0,1.33
Southern Europe,2016-10-14,1.71,1.34
Southern Europe,2016-10-18,1.0,1.34
Southern Europe,2016-10-19,3.0,1.4
Southern Europe,2016-10-25,1.0,1.39
Southern Europe,2016-11-02,2.0,1.42
Southern Europe,2016-11-07,1.0,1.4
Southern Europe,2016-11-08,2.0,1.43
Southern Europe,2016-11-21,2.0,1.46
Southern Europe,2016-11-23,1.0,1.44
Southern Europe,2016-12-06,1.89,1.46
Southern Europe,2016-12-07,2.0,1.46
Southern Europe,2016-12-21,1.0,1.43
Southern Europe,2017-01-04,3.0,1.48
Southern Europe,2017-01-10,1.0,1.47
Southern Europe,2017-01-14,1.0,1.44
Southern Europe,2017-01-15,2.0,1.46
Southern Europe,2017-01-16,1.17,1.43
Southern Europe,2017-06-18,1.07,1.43
Southern Europe,2017-06-19,1.33,1.41
Southern Europe,2017-06-20,1.66,1.43
Southern Europe,2017-06-21,1.56,1.45
Southern Europe,2017-06-22,2.0,1.49
Southern Europe,2017-06-23,2.37,1.53
Southern Europe,2017-06-24,2.0,1.53
Southern Europe,2017-06-25,1.3,1.54
Southern Europe,2017-06-26,1.36,1.55
Southern Europe,2017-06-27,1.41,1.56
Southern Europe,2017-06-28,1.57,1.58
Southern Europe,2017-06-29,2.16,1.62
Southern Europe,2017-06-30,1.38,1.63
Southern Europe,2017-07-01,1.57,1.63
Southern Europe,2017-07-02,2.57,1.68
Southern Europe,2017-07-03,1.7,1.64
Southern Europe,2017-07-04,1.71,1.66
Southern Europe,2017-07-05,1.0,1.63
Southern Europe,2017-07-06,1.47,1.64
Southern Europe,2017-07-07,1.07,1.61
Southern Europe,2017-07-08,2.54,1.63
Southern Europe,2017-07-09,1.73,1.65
Southern Europe,2017-07-10,1.33,1.63
Southern Europe,2017-07-11,1.7,1.62
Southern Europe,2017-07-12,1.24,1.63
Southern Europe,2017-07-13,1.71,1.59
Southern Europe,2017-07-14,1.15,1.59
Southern Europe,2017-07-15,1.28,1.6
Southern Europe,2017-07-16,2.8,1.63
Southern Europe,2017-07-17,1.9,1.65
Southern Europe,2017-07-18,3.0,1.72
Southern Europe,2017-07-19,1.32,1.72
Southern Europe,2017-07-20,1.63,1.72
Southern Europe,2017-07-21,1.5,1.72
Southern Europe,2017-07-22,1.59,1.7
Southern Europe,2017-07-23,1.0,1.66
Southern Europe,2017-07-24,1.86,1.65
Southern Europe,2017-07-25,2.31,1.68
Southern Europe,2017-07-26,1.72,1.7
Southern Europe,2017-07-27,1.0,1.68
Southern Europe,2017-07-28,1.57,1.68
Southern Europe,2017-07-29,1.71,1.67
Southern Europe,2017-07-30,2.1,1.69
Southern Europe,2017-07-31,1.17,1.68
Southern Europe,2017-08-01,1.24,1.63
Southern Europe,2017-08-02,1.25,1.62
Southern Europe,2017-08-03,1.67,1.62
Southern Europe,2017-08-04,1.24,1.63
Southern Europe,2017-08-05,1.83,1.64
Southern Europe,2017-08-07,1.75,1.66
Southern Europe,2017-08-08,1.49,1.63
Southern Europe,2017-08-09,1.0,1.6
Southern Europe,2017-08-10,3.0,1.66
Southern Europe,2017-08-11,1.65,1.66
Southern Europe,2017-08-12,2.3,1.69
Southern Europe,2017-08-13,1.0,1.67
Southern Europe,2017-08-14,1.25,1.67
Southern Europe,2017-08-15,1.84,1.69
Southern Europe,2017-08-16,2.58,1.68
Southern Europe,2017-08-17,1.4,1.67
Southern Europe,2017-08-18,1.72,1.62
Southern Europe,2017-08-19,1.4,1.63
Southern Europe,2017-08-20,1.76,1.63
Southern Europe,2017-08-21,1.36,1.63
Southern Europe,2017-08-22,1.27,1.62
Southern Europe,2017-08-23,1.73,1.64
Southern Europe,2017-08-24,1.68,1.63
Southern Europe,2017-08-25,1.83,1.62
Southern Europe,2017-08-26,1.69,1.62
Southern Europe,2017-08-27,1.63,1.64
Southern Europe,2017-08-28,1.35,1.63
Southern Europe,2017-08-29,1.29,1.62
Southern Europe,2017-08-30,1.69,1.6
Southern Europe,2017-08-31,2.18,1.64
Southern Europe,2017-09-01,1.37,1.64
Southern Europe,2017-09-02,1.24,1.64
Southern Europe,2017-09-03,1.24,1.63
Southern Europe,2017-09-04,2.5,1.67
Southern Europe,2017-09-05,1.5,1.66
Southern Europe,2017-09-06,1.5,1.65
Southern Europe,2017-09-07,1.69,1.66
Southern Europe,2017-09-08,1.45,1.67
Southern Europe,2017-09-09,1.33,1.61
Southern Europe,2017-09-10,1.48,1.61
Southern Europe,2017-09-11,1.62,1.59
Southern Europe,2017-09-12,1.21,1.59
Southern Europe,2017-09-13,1.0,1.59
Southern Europe,2017-09-14,1.24,1.56
Southern Europe,2017-09-15,2.09,1.55
Southern Europe,2017-09-16,1.63,1.56
Southern Europe,2017-09-17,1.57,1.55
Southern Europe,2017-09-18,1.41,1.55
Southern Europe,2017-09-19,1.62,1.55
Southern Europe,2017-09-20,2.22,1.58
Southern Europe,2017-09-21,1.0,1.57
Southern Europe,2017-09-22,1.1,1.55
Southern Europe,2017-09-23,1.37,1.53
Southern Europe,2017-09-24,1.0,1.51
Southern Europe,2017-09-25,1.32,1.49
Southern Europe,2017-09-26,1.29,1.48
Southern Europe,2017-09-27,1.0,1.47
Southern Europe,2017-09-28,2.0,1.49
Southern Europe,2017-09-29,1.54,1.49
Southern Europe,2017-09-30,1.4,1.46
Southern Europe,2017-10-01,1.5,1.47
Southern Europe,2017-10-02,1.0,1.46
Southern Europe,2017-10-03,2.0,1.49
Southern Europe,2017-10-04,2.13,1.47
Southern Europe,2017-10-05,2.5,1.51
Southern Europe,2017-10-06,1.5,1.51
Southern Europe,2017-10-07,1.5,1.5
Southern Europe,2017-10-08,1.33,1.5
Southern Europe,2017-10-09,1.67,1.51
Southern Europe,2017-10-10,1.88,1.52
Southern Europe,2017-10-11,2.63,1.55
Southern Europe,2017-10-12,1.4,1.56
Southern Europe,2017-10-13,2.15,1.6
Southern Europe,2017-10-14,1.0,1.59
Southern Europe,2017-10-15,2.2,1.59
Southern Europe,2017-10-16,1.2,1.58
Southern Europe,2017-10-17,1.38,1.57
Southern Europe,2017-10-18,1.57,1.58
Southern Europe,2017-10-19,1.5,1.58
Southern Europe,2017-10-20,1.92,1.57
Southern Europe,2017-10-21,1.57,1.58
Southern Europe,2017-10-22,2.0,1.61
Southern Europe,2017-10-23,2.33,1.65
Southern Europe,2017-10-24,1.56,1.66
Southern Europe,2017-10-25,2.0,1.69
Southern Europe,2017-10-26,1.6,1.7
Southern Europe,2017-10-27,1.25,1.71
Southern Europe,2017-10-28,1.43,1.69
Southern Europe,2017-10-29,1.25,1.68
Southern Europe,2017-10-30,1.71,1.69
Southern Europe,2017-10-31,1.6,1.69
Southern Europe,2017-11-01,1.79,1.72
Southern Europe,2017-11-02,1.64,1.71
Southern Europe,2017-11-03,1.89,1.7
Southern Europe,2017-11-04,1.44,1.66
Southern Europe,2017-11-05,1.67,1.67
Southern Europe,2017-11-06,2.5,1.7
Southern Europe,2017-11-07,1.73,1.71
Southern Europe,2017-11-08,1.29,1.7
Southern Europe,2017-11-09,1.27,1.68
Southern Europe,2017-11-10,1.89,1.66
US Center ,2016-04-02,1.63,1.63
US Center ,2016-04-03,1.36,1.49
US Center ,2016-04-04,2.32,1.77
US Center ,2016-04-05,2.37,1.92
US Center ,2016-04-06,1.6,1.86
US Center ,2016-04-07,2.05,1.89
US Center ,2016-04-08,1.62,1.85
US Center ,2016-04-09,1.67,1.83
US Center ,2016-04-10,1.11,1.75
US Center ,2016-04-11,1.3,1.7
US Center ,2016-04-12,1.15,1.65
US Center ,2016-04-13,2.1,1.69
US Center ,2016-04-14,1.91,1.71
US Center ,2016-04-15,1.72,1.71
US Center ,2016-04-16,2.7,1.77
US Center ,2016-04-17,1.67,1.77
US Center ,2016-04-18,1.25,1.74
US Center ,2016-04-19,2.44,1.78
US Center ,2016-04-20,1.7,1.77
US Center ,2016-04-21,1.83,1.77
US Center ,2016-04-22,1.69,1.77
US Center ,2016-04-23,1.52,1.76
US Center ,2016-04-24,1.39,1.74
US Center ,2016-04-25,1.91,1.75
US Center ,2016-04-26,1.17,1.73
US Center ,2016-04-27,1.53,1.72
US Center ,2016-04-28,1.43,1.71
US Center ,2016-04-29,3.0,1.75
US Center ,2016-04-30,1.23,1.74
US Center ,2016-05-01,2.14,1.75
US Center ,2016-05-02,1.5,1.75
US Center ,2016-05-03,1.59,1.75
US Center ,2016-05-04,1.0,1.71
US Center ,2016-05-05,1.24,1.67
US Center ,2016-05-06,1.28,1.66
US Center ,2016-05-07,3.0,1.69
US Center ,2016-05-08,1.86,1.7
US Center ,2016-05-09,2.21,1.72
US Center ,2016-05-10,1.25,1.72
US Center ,2016-05-11,1.6,1.73
US Center ,2016-05-12,1.26,1.74
US Center ,2016-05-13,1.0,1.7
US Center ,2016-05-14,1.29,1.68
US Center ,2016-05-15,1.74,1.68
US Center ,2016-05-16,1.93,1.66
US Center ,2016-05-17,2.52,1.68
US Center ,2016-05-18,1.25,1.68
US Center ,2016-05-19,1.78,1.66
US Center ,2016-05-20,1.44,1.65
US Center ,2016-05-21,1.61,1.65
US Center ,2016-05-22,1.07,1.62
US Center ,2016-05-23,1.18,1.61
US Center ,2016-05-24,1.26,1.61
US Center ,2016-05-25,2.47,1.63
US Center ,2016-05-26,1.36,1.63
US Center ,2016-05-27,2.0,1.65
US Center ,2016-05-28,1.33,1.65
US Center ,2016-05-29,1.39,1.59
US Center ,2016-05-30,1.22,1.59
US Center ,2016-05-31,1.58,1.57
US Center ,2016-06-01,1.25,1.57
US Center ,2016-06-02,1.66,1.57
US Center ,2016-06-03,1.15,1.57
US Center ,2016-06-04,1.97,1.6
US Center ,2016-06-05,2.29,1.63
US Center ,2016-06-06,1.78,1.59
US Center ,2016-06-07,1.27,1.57
US Center ,2016-06-08,1.17,1.54
US Center ,2016-06-09,1.67,1.55
US Center ,2016-06-10,1.86,1.56
US Center ,2016-06-11,1.62,1.57
US Center ,2016-06-12,1.0,1.57
US Center ,2016-06-13,1.56,1.58
US Center ,2016-06-14,1.59,1.57
US Center ,2016-06-15,2.25,1.58
US Center ,2016-06-16,1.29,1.54
US Center ,2016-06-17,1.77,1.56
US Center ,2016-06-18,2.26,1.58
US Center ,2016-06-19,1.48,1.58
US Center ,2016-06-20,1.32,1.57
US Center ,2016-06-21,1.2,1.57
US Center ,2016-06-22,1.35,1.58
US Center ,2016-06-23,1.0,1.57
US Center ,2016-06-24,1.6,1.54
US Center ,2016-06-25,1.5,1.55
US Center ,2016-06-26,1.75,1.54
US Center ,2016-06-27,2.36,1.57
US Center ,2016-06-28,2.25,1.6
US Center ,2016-06-29,1.22,1.6
US Center ,2016-06-30,1.69,1.6
US Center ,2016-07-01,1.33,1.61
US Center ,2016-07-02,1.56,1.6
US Center ,2016-07-04,1.88,1.63
US Center ,2016-07-05,1.13,1.6
US Center ,2016-07-06,1.95,1.59
US Center ,2016-07-07,1.56,1.58
US Center ,2016-07-08,1.0,1.57
US Center ,2016-07-09,1.3,1.58
US Center ,2016-07-10,1.65,1.58
US Center ,2016-07-11,1.4,1.56
US Center ,2016-07-12,1.53,1.56
US Center ,2016-07-13,1.2,1.57
US Center ,2016-07-14,2.8,1.61
US Center ,2016-07-15,1.62,1.61
US Center ,2016-07-16,1.5,1.58
US Center ,2016-07-17,1.44,1.59
US Center ,2016-07-18,1.19,1.57
US Center ,2016-07-19,1.46,1.54
US Center ,2016-07-20,1.5,1.54
US Center ,2016-07-21,1.82,1.56
US Center ,2016-07-22,1.0,1.55
US Center ,2016-07-23,1.62,1.56
US Center ,2016-07-24,1.43,1.57
US Center ,2016-07-25,1.37,1.57
US Center ,2016-07-26,1.67,1.57
US Center ,2016-07-27,2.29,1.59
US Center ,2016-07-28,1.81,1.57
US Center ,2016-07-29,1.42,1.54
US Center ,2016-07-30,1.0,1.54
US Center ,2016-07-31,1.42,1.53
US Center ,2016-08-01,1.62,1.54
US Center ,2016-08-02,1.47,1.53
US Center ,2016-08-03,1.03,1.51
US Center ,2016-08-04,1.88,1.53
US Center ,2016-08-05,1.32,1.51
US Center ,2016-08-06,1.03,1.49
US Center ,2016-08-07,1.39,1.51
US Center ,2016-08-08,1.52,1.51
US Center ,2016-08-09,1.0,1.49
US Center ,2016-08-10,1.83,1.51
US Center ,2016-08-11,1.25,1.5
US Center ,2016-08-12,1.47,1.51
US Center ,2016-08-13,1.5,1.46
US Center ,2016-08-14,1.13,1.45
US Center ,2016-08-15,1.52,1.45
US Center ,2016-08-16,1.33,1.44
US Center ,2016-08-17,1.38,1.45
US Center ,2016-08-18,1.61,1.45
US Center ,2016-08-19,1.44,1.45
US Center ,2016-08-20,1.47,1.44
US Center ,2016-08-21,1.1,1.44
US Center ,2016-08-22,1.51,1.44
US Center ,2016-08-23,2.28,1.47
US Center ,2016-08-24,1.37,1.47
US Center ,2016-08-25,2.22,1.49
West Africa,2016-08-26,2.08,2.08
West Africa,2016-08-27,1.0,1.54
West Africa,2016-08-28,1.0,1.36
West Africa,2016-08-29,1.0,1.27
West Africa,2016-08-30,1.06,1.23
West Africa,2016-08-31,1.77,1.32
West Africa,2016-09-01,1.25,1.31
West Africa,2016-09-02,1.38,1.32
West Africa,2016-09-03,1.0,1.28
West Africa,2016-09-05,1.36,1.29
West Africa,2016-09-06,1.11,1.27
West Africa,2016-09-07,1.58,1.3
West Africa,2016-09-08,1.26,1.3
West Africa,2016-09-09,2.86,1.41
West Africa,2016-09-10,2.24,1.46
West Africa,2016-09-11,2.33,1.52
West Africa,2016-09-12,1.71,1.53
West Africa,2016-09-13,1.0,1.5
West Africa,2016-09-14,1.79,1.51
West Africa,2016-09-15,1.33,1.51
West Africa,2016-09-16,1.0,1.48
West Africa,2016-09-17,1.28,1.47
West Africa,2016-09-18,1.72,1.48
West Africa,2016-09-19,2.29,1.52
West Africa,2016-09-20,2.46,1.55
West Africa,2016-09-21,1.93,1.57
West Africa,2016-09-22,1.4,1.56
West Africa,2016-09-23,1.38,1.56
West Africa,2016-09-24,2.08,1.57
West Africa,2016-09-25,1.0,1.56
West Africa,2016-09-26,1.13,1.52
West Africa,2016-09-27,1.43,1.54
West Africa,2016-09-28,1.0,1.54
West Africa,2016-09-29,2.0,1.57
West Africa,2016-09-30,2.04,1.6
West Africa,2016-10-01,1.33,1.59
West Africa,2016-10-02,1.08,1.58
West Africa,2016-10-03,2.0,1.6
West Africa,2016-10-04,2.0,1.64
West Africa,2016-10-05,1.36,1.64
West Africa,2016-10-07,1.15,1.64
West Africa,2016-10-08,1.33,1.63
West Africa,2016-10-09,1.64,1.64
West Africa,2016-10-10,1.33,1.59
West Africa,2016-10-11,1.21,1.56
West Africa,2016-10-12,1.45,1.53
West Africa,2016-10-13,1.0,1.51
West Africa,2016-10-14,1.53,1.52
West Africa,2016-10-15,1.14,1.5
West Africa,2016-10-16,2.13,1.53
West Africa,2016-10-17,1.2,1.53
West Africa,2016-10-18,1.9,1.56
West Africa,2016-10-19,1.22,1.54
West Africa,2016-10-20,1.29,1.51
West Africa,2016-10-21,2.42,1.5
West Africa,2016-10-22,1.0,1.47
West Africa,2016-10-23,1.14,1.46
West Africa,2016-10-24,1.29,1.46
West Africa,2016-10-25,1.21,1.43
West Africa,2016-10-26,2.1,1.47
West Africa,2016-10-27,1.28,1.47
West Africa,2016-10-28,1.63,1.48
West Africa,2016-10-29,2.0,1.51
West Africa,2016-10-30,2.09,1.52
West Africa,2016-10-31,1.33,1.49
West Africa,2016-11-01,2.0,1.51
West Africa,2016-11-02,2.0,1.55
West Africa,2016-11-03,1.0,1.51
West Africa,2016-11-04,1.24,1.49
West Africa,2016-11-05,1.38,1.49
West Africa,2016-11-07,2.5,1.53
West Africa,2016-11-08,3.17,1.59
West Africa,2016-11-09,1.5,1.59
West Africa,2016-11-11,1.71,1.6
West Africa,2016-11-12,1.63,1.62
West Africa,2016-11-13,1.0,1.6
West Africa,2016-11-14,1.58,1.62
West Africa,2016-11-15,1.0,1.6
West Africa,2016-11-16,1.8,1.62
West Africa,2016-11-17,2.4,1.63
West Africa,2016-11-18,1.56,1.64
West Africa,2016-11-19,1.45,1.63
West Africa,2016-11-20,1.78,1.65
West Africa,2016-11-21,1.38,1.65
West Africa,2016-11-22,2.46,1.65
West Africa,2016-11-23,1.67,1.68
West Africa,2016-11-24,1.73,1.7
West Africa,2016-11-25,1.3,1.7
West Africa,2016-11-26,1.26,1.7
West Africa,2016-11-27,1.68,1.68
West Africa,2016-11-28,2.0,1.71
West Africa,2016-11-29,1.36,1.7
West Africa,2016-11-30,2.67,1.72
West Africa,2016-12-01,1.63,1.71
West Africa,2016-12-02,1.0,1.69
West Africa,2016-12-03,1.43,1.68
West Africa,2016-12-04,1.5,1.66
West Africa,2016-12-05,2.0,1.69
West Africa,2016-12-06,1.64,1.71
West Africa,2016-12-07,1.0,1.69
West Africa,2016-12-08,1.0,1.64
West Africa,2016-12-09,1.29,1.58
West Africa,2016-12-10,1.62,1.58
West Africa,2016-12-11,1.4,1.57
West Africa,2016-12-12,2.82,1.61
West Africa,2016-12-13,2.33,1.66
West Africa,2016-12-14,1.79,1.66
West Africa,2016-12-15,1.0,1.66
West Africa,2016-12-16,1.81,1.67
West Africa,2016-12-17,1.73,1.64
West Africa,2016-12-18,1.29,1.63
West Africa,2016-12-19,1.48,1.63
West Africa,2016-12-20,1.0,1.61
West Africa,2016-12-21,1.47,1.61
West Africa,2016-12-22,1.52,1.58
West Africa,2016-12-23,1.06,1.56
West Africa,2016-12-24,2.28,1.58
West Africa,2016-12-25,2.38,1.61
West Africa,2016-12-26,1.64,1.63
West Africa,2016-12-28,2.24,1.65
West Africa,2016-12-29,1.62,1.63
West Africa,2016-12-30,1.54,1.64
West Africa,2016-12-31,2.0,1.62
West Africa,2017-01-01,2.78,1.65
West Africa,2017-01-02,1.38,1.67
West Africa,2017-01-03,2.6,1.71
West Africa,2017-01-05,1.33,1.7
West Africa,2017-01-06,1.71,1.69
West Africa,2017-01-07,1.0,1.67
West Africa,2017-01-08,1.28,1.68
West Africa,2017-01-09,1.1,1.68
West Africa,2017-01-10,1.2,1.68
West Africa,2017-01-11,1.5,1.68
West Africa,2017-01-12,1.22,1.67
West Africa,2017-01-13,2.5,1.66
West Africa,2017-01-14,1.59,1.63
West Africa,2017-01-15,2.08,1.64
West Africa,2017-01-16,1.0,1.64
West Africa,2017-01-17,1.08,1.62
West Africa,2017-01-18,1.67,1.62
West Asia,2016-08-25,1.0,1.0
West Asia,2016-08-26,1.63,1.31
West Asia,2016-08-27,1.6,1.41
West Asia,2016-08-28,1.5,1.43
West Asia,2016-08-29,1.72,1.49
West Asia,2016-08-30,1.32,1.46
West Asia,2016-08-31,1.63,1.48
West Asia,2016-09-01,1.17,1.44
West Asia,2016-09-02,1.41,1.44
West Asia,2016-09-03,1.48,1.44
West Asia,2016-09-04,1.46,1.45
West Asia,2016-09-05,1.74,1.47
West Asia,2016-09-06,1.0,1.43
West Asia,2016-09-07,1.77,1.46
West Asia,2016-09-08,2.06,1.5
West Asia,2016-09-09,1.6,1.51
West Asia,2016-09-10,1.47,1.5
West Asia,2016-09-11,1.41,1.5
West Asia,2016-09-12,1.52,1.5
West Asia,2016-09-13,1.92,1.52
West Asia,2016-09-14,2.23,1.55
West Asia,2016-09-15,1.33,1.54
West Asia,2016-09-16,2.06,1.57
West Asia,2016-09-17,1.37,1.56
West Asia,2016-09-18,1.42,1.55
West Asia,2016-09-19,1.17,1.54
West Asia,2016-09-20,1.6,1.54
West Asia,2016-09-21,1.5,1.54
West Asia,2016-09-22,1.63,1.54
West Asia,2016-09-23,1.41,1.54
West Asia,2016-09-24,2.33,1.58
West Asia,2016-09-25,1.88,1.59
West Asia,2016-09-26,1.33,1.58
West Asia,2016-09-27,1.79,1.59
West Asia,2016-09-28,1.45,1.58
West Asia,2016-09-29,1.4,1.58
West Asia,2016-09-30,1.29,1.57
West Asia,2016-10-01,1.78,1.59
West Asia,2016-10-02,1.68,1.6
West Asia,2016-10-03,1.88,1.62
West Asia,2016-10-04,1.55,1.62
West Asia,2016-10-05,1.95,1.63
West Asia,2016-10-06,1.94,1.66
West Asia,2016-10-07,1.9,1.66
West Asia,2016-10-08,1.73,1.65
West Asia,2016-10-09,1.32,1.64
West Asia,2016-10-10,1.61,1.65
West Asia,2016-10-11,1.38,1.64
West Asia,2016-10-12,1.83,1.65
West Asia,2016-10-13,1.37,1.64
West Asia,2016-10-14,1.33,1.61
West Asia,2016-10-15,1.29,1.61
West Asia,2016-10-16,2.25,1.61
West Asia,2016-10-17,1.12,1.6
West Asia,2016-10-18,1.29,1.6
West Asia,2016-10-19,1.54,1.61
West Asia,2016-10-20,1.11,1.59
West Asia,2016-10-21,1.7,1.6
West Asia,2016-10-22,1.91,1.61
West Asia,2016-10-23,1.42,1.61
West Asia,2016-10-24,1.17,1.57
West Asia,2016-10-25,1.38,1.56
West Asia,2016-10-26,2.35,1.59
West Asia,2016-10-27,1.67,1.59
West Asia,2016-10-28,1.88,1.6
West Asia,2016-10-29,1.97,1.62
West Asia,2016-10-30,1.63,1.63
West Asia,2016-10-31,1.5,1.62
West Asia,2016-11-01,1.67,1.62
West Asia,2016-11-02,1.78,1.62
West Asia,2016-11-03,1.25,1.61
West Asia,2016-11-04,2.56,1.63
West Asia,2016-11-05,1.5,1.61
West Asia,2016-11-06,1.08,1.59
West Asia,2016-11-07,1.16,1.57
West Asia,2016-11-08,1.5,1.57
West Asia,2016-11-09,1.24,1.56
West Asia,2016-11-10,1.74,1.57
West Asia,2016-11-11,2.44,1.59
West Asia,2016-11-12,1.27,1.59
West Asia,2016-11-13,1.35,1.59
West Asia,2016-11-14,2.04,1.62
West Asia,2016-11-15,1.47,1.59
West Asia,2016-11-16,4.0,1.69
West Asia,2016-11-17,1.3,1.69
West Asia,2016-11-18,1.5,1.68
West Asia,2016-11-19,1.0,1.68
West Asia,2016-11-20,2.0,1.69
West Asia,2016-11-21,1.12,1.66
West Asia,2016-11-22,1.29,1.66
West Asia,2016-11-23,1.28,1.66
West Asia,2016-11-24,1.76,1.68
West Asia,2016-11-25,1.75,1.66
West Asia,2016-11-26,1.64,1.66
West Asia,2016-11-27,1.81,1.65
West Asia,2016-11-28,1.44,1.64
West Asia,2016-11-29,1.85,1.64
West Asia,2016-11-30,2.22,1.67
West Asia,2016-12-01,1.9,1.68
West Asia,2016-12-02,1.32,1.66
West Asia,2016-12-03,2.0,1.69
West Asia,2016-12-04,3.5,1.72
West Asia,2016-12-05,1.66,1.72
West Asia,2016-12-06,1.47,1.73
West Asia,2016-12-07,1.45,1.74
West Asia,2016-12-08,2.25,1.77
West Asia,2016-12-09,1.5,1.78
West Asia,2016-12-10,2.07,1.79
West Asia,2016-12-11,1.25,1.75
West Asia,2016-12-12,1.56,1.76
West Asia,2016-12-13,1.89,1.78
West Asia,2016-12-14,1.88,1.77
West Asia,2016-12-15,1.91,1.79
West Asia,2016-12-16,1.5,1.7
West Asia,2016-12-17,1.35,1.7
West Asia,2016-12-18,1.47,1.7
West Asia,2016-12-19,1.0,1.7
West Asia,2016-12-20,1.56,1.69
West Asia,2016-12-21,1.05,1.69
West Asia,2016-12-22,1.47,1.69
West Asia,2016-12-23,1.88,1.71
West Asia,2016-12-24,1.29,1.7
West Asia,2016-12-25,1.04,1.67
West Asia,2016-12-26,1.04,1.65
West Asia,2016-12-27,1.14,1.63
West Asia,2016-12-28,1.18,1.62
West Asia,2016-12-29,1.38,1.61
West Asia,2016-12-30,1.0,1.57
West Asia,2016-12-31,1.81,1.56
West Asia,2017-01-01,2.14,1.59
West Asia,2017-01-02,1.3,1.57
West Asia,2017-01-03,2.03,1.52
West Asia,2017-01-04,1.32,1.51
West Asia,2017-01-05,1.17,1.5
West Asia,2017-01-06,2.29,1.52
West Asia,2017-01-07,1.48,1.5
West Asia,2017-01-08,1.75,1.51
West Asia,2017-01-09,1.26,1.48
West Asia,2017-01-10,1.18,1.48
West Asia,2017-01-11,2.91,1.52
West Asia,2017-01-12,2.71,1.55
West Asia,2017-01-13,1.61,1.54
West Asia,2017-01-14,1.74,1.53
West Asia,2017-01-15,2.5,1.57
West Asia,2017-01-16,2.22,1.6
West Asia,2017-01-17,2.2,1.62
West Asia,2017-01-18,1.71,1.65
West of USA ,2016-04-01,1.0,1.0
West of USA ,2016-04-02,1.52,1.26
West of USA ,2016-04-03,1.21,1.24
West of USA ,2016-04-04,1.27,1.25
West of USA ,2016-04-05,1.88,1.37
West of USA ,2016-04-06,1.52,1.4
West of USA ,2016-04-07,2.21,1.52
West of USA ,2016-04-08,1.33,1.49
West of USA ,2016-04-09,1.65,1.51
West of USA ,2016-04-10,1.52,1.51
West of USA ,2016-04-11,1.78,1.54
West of USA ,2016-04-12,1.35,1.52
West of USA ,2016-04-13,2.11,1.56
West of USA ,2016-04-14,1.18,1.54
West of USA ,2016-04-15,1.36,1.53
West of USA ,2016-04-16,2.0,1.56
West of USA ,2016-04-17,2.14,1.59
West of USA ,2016-04-18,1.82,1.6
West of USA ,2016-04-19,1.6,1.6
West of USA ,2016-04-20,1.88,1.62
West of USA ,2016-04-21,1.21,1.6
West of USA ,2016-04-22,2.0,1.62
West of USA ,2016-04-23,1.49,1.61
West of USA ,2016-04-24,1.69,1.61
West of USA ,2016-04-25,1.59,1.61
West of USA ,2016-04-26,1.46,1.61
West of USA ,2016-04-27,1.65,1.61
West of USA ,2016-04-28,2.0,1.62
West of USA ,2016-04-29,1.64,1.62
West of USA ,2016-04-30,1.6,1.62
West of USA ,2016-05-01,1.63,1.64
West of USA ,2016-05-02,1.88,1.65
West of USA ,2016-05-03,1.21,1.65
West of USA ,2016-05-04,1.68,1.67
West of USA ,2016-05-05,1.5,1.66
West of USA ,2016-05-06,1.53,1.66
West of USA ,2016-05-07,1.97,1.65
West of USA ,2016-05-08,1.77,1.66
West of USA ,2016-05-09,1.25,1.65
West of USA ,2016-05-10,2.18,1.67
West of USA ,2016-05-11,2.34,1.69
West of USA ,2016-05-12,2.24,1.72
West of USA ,2016-05-13,1.47,1.7
West of USA ,2016-05-14,1.21,1.7
West of USA ,2016-05-15,2.21,1.73
West of USA ,2016-05-16,1.41,1.71
West of USA ,2016-05-17,1.11,1.67
West of USA ,2016-05-18,1.44,1.66
West of USA ,2016-05-19,1.95,1.67
West of USA ,2016-05-20,1.2,1.65
West of USA ,2016-05-21,2.15,1.68
West of USA ,2016-05-22,2.42,1.7
West of USA ,2016-05-23,1.76,1.7
West of USA ,2016-05-24,1.56,1.7
West of USA ,2016-05-25,1.43,1.69
West of USA ,2016-05-26,1.84,1.71
West of USA ,2016-05-27,1.36,1.7
West of USA ,2016-05-28,1.67,1.69
West of USA ,2016-05-29,1.67,1.69
West of USA ,2016-05-30,1.26,1.68
West of USA ,2016-05-31,1.28,1.66
West of USA ,2016-06-01,1.5,1.65
West of USA ,2016-06-02,1.57,1.66
West of USA ,2016-06-03,1.63,1.66
West of USA ,2016-06-04,1.56,1.66
West of USA ,2016-06-05,1.71,1.67
West of USA ,2016-06-06,1.29,1.65
West of USA ,2016-06-07,1.56,1.64
West of USA ,2016-06-08,1.75,1.66
West of USA ,2016-06-09,1.44,1.63
West of USA ,2016-06-10,1.59,1.61
West of USA ,2016-06-11,2.28,1.61
West of USA ,2016-06-12,1.53,1.61
West of USA ,2016-06-13,2.11,1.64
West of USA ,2016-06-14,1.79,1.63
West of USA ,2016-06-15,1.17,1.62
West of USA ,2016-06-16,1.48,1.63
West of USA ,2016-06-17,1.57,1.64
West of USA ,2016-06-18,1.67,1.63
West of USA ,2016-06-19,1.27,1.63
West of USA ,2016-06-20,1.98,1.62
West of USA ,2016-06-21,2.36,1.62
West of USA ,2016-06-22,1.31,1.6
West of USA ,2016-06-23,1.87,1.62
West of USA ,2016-06-24,2.05,1.64
West of USA ,2016-06-25,1.72,1.63
West of USA ,2016-06-26,1.63,1.64
West of USA ,2016-06-27,1.6,1.64
West of USA ,2016-06-28,1.47,1.63
West of USA ,2016-06-29,1.19,1.63
West of USA ,2016-06-30,1.62,1.64
West of USA ,2016-07-01,1.69,1.65
West of USA ,2016-07-02,1.69,1.65
West of USA ,2016-07-03,2.31,1.67
West of USA ,2016-07-04,1.13,1.66
West of USA ,2016-07-05,1.74,1.66
West of USA ,2016-07-06,1.92,1.68
West of USA ,2016-07-07,1.36,1.68
West of USA ,2016-07-08,2.0,1.68
West of USA ,2016-07-09,1.53,1.69
West of USA ,2016-07-10,1.96,1.7
West of USA ,2016-07-11,1.7,1.68
West of USA ,2016-07-12,1.5,1.68
West of USA ,2016-07-13,1.33,1.65
West of USA ,2016-07-14,2.72,1.68
West of USA ,2016-07-15,1.29,1.69
West of USA ,2016-07-16,1.42,1.69
West of USA ,2016-07-17,1.78,1.69
West of USA ,2016-07-18,1.44,1.69
West of USA ,2016-07-19,1.63,1.7
West of USA ,2016-07-20,1.93,1.7
West of USA ,2016-07-21,1.53,1.67
West of USA ,2016-07-22,1.36,1.67
West of USA ,2016-07-23,2.0,1.68
West of USA ,2016-07-24,1.91,1.67
West of USA ,2016-07-25,1.55,1.66
West of USA ,2016-07-26,1.58,1.66
West of USA ,2016-07-27,1.48,1.66
West of USA ,2016-07-28,1.39,1.66
West of USA ,2016-07-29,1.51,1.67
West of USA ,2016-07-30,1.46,1.66
West of USA ,2016-07-31,1.93,1.67
West of USA ,2016-08-01,2.03,1.68
West of USA ,2016-08-02,1.71,1.66
West of USA ,2016-08-03,1.45,1.67
West of USA ,2016-08-04,1.33,1.66
West of USA ,2016-08-05,1.47,1.64
West of USA ,2016-08-06,1.84,1.66
West of USA ,2016-08-07,1.17,1.63
West of USA ,2016-08-08,1.85,1.64
West of USA ,2016-08-09,1.32,1.62
West of USA ,2016-08-10,1.59,1.62
West of USA ,2016-08-11,2.04,1.64
West of USA ,2016-08-12,2.37,1.67
West of USA ,2016-08-13,1.86,1.64
West of USA ,2016-08-14,1.43,1.65
West of USA ,2016-08-15,1.71,1.66
West of USA ,2016-08-16,1.36,1.64
West of USA ,2016-08-17,1.16,1.63
West of USA ,2016-08-18,1.53,1.63
West of USA ,2016-08-19,1.33,1.61
West of USA ,2016-08-20,1.28,1.6
West of USA ,2016-08-21,1.4,1.6
West of USA ,2016-08-22,1.33,1.58
West of USA ,2016-08-23,1.71,1.57
West of USA ,2016-08-24,1.81,1.58
West of USA ,2016-08-25,1.63,1.58
Western Europe,2015-05-31,1.91,1.91
Western Europe,2015-06-01,1.65,1.78
Western Europe,2015-06-02,1.49,1.68
Western Europe,2015-06-03,1.9,1.74
Western Europe,2015-06-04,1.59,1.71
Western Europe,2015-06-05,1.67,1.7
Western Europe,2015-06-06,1.44,1.66
Western Europe,2015-06-07,1.68,1.67
Western Europe,2015-06-08,1.73,1.67
Western Europe,2015-06-09,1.95,1.7
Western Europe,2015-06-10,1.24,1.66
Western Europe,2015-06-11,2.0,1.69
Western Europe,2015-06-12,2.29,1.73
Western Europe,2015-06-13,1.54,1.72
Western Europe,2015-06-14,1.66,1.72
Western Europe,2015-06-15,1.21,1.68
Western Europe,2015-06-16,1.57,1.68
Western Europe,2015-06-17,2.19,1.71
Western Europe,2015-06-18,1.82,1.71
Western Europe,2015-06-19,1.63,1.71
Western Europe,2015-06-20,1.47,1.7
Western Europe,2015-06-21,1.65,1.69
Western Europe,2015-06-22,1.33,1.68
Western Europe,2015-06-23,1.63,1.68
Western Europe,2015-06-24,1.82,1.68
Western Europe,2015-06-25,1.74,1.68
Western Europe,2015-06-26,1.66,1.68
Western Europe,2015-06-27,1.6,1.68
Western Europe,2015-06-28,1.5,1.67
Western Europe,2015-06-29,1.45,1.67
Western Europe,2015-06-30,1.64,1.66
Western Europe,2015-07-01,2.0,1.67
Western Europe,2015-07-02,1.8,1.68
Western Europe,2015-07-03,1.68,1.67
Western Europe,2015-07-04,1.41,1.67
Western Europe,2015-07-05,1.39,1.66
Western Europe,2015-07-06,1.38,1.65
Western Europe,2015-07-07,1.88,1.66
Western Europe,2015-07-08,2.15,1.68
Western Europe,2015-07-09,1.45,1.66
Western Europe,2015-07-10,1.51,1.67
Western Europe,2015-07-11,1.69,1.66
Western Europe,2015-07-12,1.32,1.63
Western Europe,2015-07-13,1.79,1.63
Western Europe,2015-07-14,1.68,1.63
Western Europe,2015-07-15,1.68,1.65
Western Europe,2015-07-16,1.4,1.64
Western Europe,2015-07-17,1.6,1.62
Western Europe,2015-07-18,1.98,1.63
Western Europe,2015-07-19,1.49,1.63
Western Europe,2015-07-20,1.55,1.63
Western Europe,2015-07-21,1.76,1.63
Western Europe,2015-07-22,2.11,1.66
Western Europe,2015-07-23,1.59,1.66
Western Europe,2015-07-24,1.63,1.65
Western Europe,2015-07-25,1.31,1.64
Western Europe,2015-07-26,1.81,1.64
Western Europe,2015-07-27,1.51,1.64
Western Europe,2015-07-28,1.57,1.64
Western Europe,2015-07-29,1.46,1.64
Western Europe,2015-07-30,1.7,1.64
Western Europe,2015-07-31,1.77,1.64
Western Europe,2015-08-01,2.12,1.65
Western Europe,2015-08-02,1.55,1.64
Western Europe,2015-08-03,1.46,1.64
Western Europe,2015-08-04,1.85,1.66
Western Europe,2015-08-05,1.52,1.66
Western Europe,2015-08-06,1.59,1.65
Western Europe,2015-08-07,1.82,1.64
Western Europe,2015-08-08,1.73,1.65
Western Europe,2015-08-09,1.94,1.67
Western Europe,2015-08-10,1.53,1.66
Western Europe,2015-08-11,1.69,1.67
Western Europe,2015-08-12,1.32,1.66
Western Europe,2015-08-13,1.4,1.65
Western Europe,2015-08-14,1.24,1.63
Western Europe,2015-08-15,1.4,1.63
Western Europe,2015-08-16,1.21,1.62
Western Europe,2015-08-17,2.2,1.63
Western Europe,2015-08-18,1.85,1.64
Western Europe,2015-08-19,2.19,1.66
Western Europe,2015-08-20,2.06,1.67
Western Europe,2015-08-21,1.38,1.65
Western Europe,2015-08-22,1.49,1.64
Western Europe,2015-08-23,1.76,1.65
Western Europe,2015-08-24,1.82,1.66
Western Europe,2015-08-25,1.75,1.66
Western Europe,2015-08-26,1.81,1.67
Western Europe,2015-08-27,1.91,1.68
Western Europe,2015-08-28,1.54,1.69
Western Europe,2015-08-29,1.62,1.68
Western Europe,2015-08-30,1.58,1.68
Western Europe,2015-08-31,1.91,1.67
Western Europe,2015-09-01,1.5,1.67
Western Europe,2015-09-02,1.68,1.68
Western Europe,2015-09-03,1.28,1.66
Western Europe,2015-09-04,2.08,1.68
Western Europe,2015-09-05,1.78,1.68
Western Europe,2015-09-06,2.18,1.69
Western Europe,2015-09-07,1.2,1.68
Western Europe,2015-09-08,1.51,1.66
Western Europe,2015-09-09,1.83,1.67
Western Europe,2015-09-10,1.44,1.66
Western Europe,2015-09-11,2.26,1.7
Western Europe,2015-09-12,1.79,1.71
Western Europe,2015-09-13,1.59,1.72
Western Europe,2015-09-14,1.25,1.71
Western Europe,2015-09-15,1.32,1.72
Western Europe,2015-09-16,1.35,1.69
Western Europe,2015-09-17,1.69,1.68
Western Europe,2015-09-18,1.67,1.67
Western Europe,2015-09-19,1.86,1.66
Western Europe,2015-09-20,1.6,1.67
Western Europe,2015-09-21,1.26,1.66
Western Europe,2015-09-22,1.23,1.64
Western Europe,2015-09-23,1.88,1.64
Western Europe,2015-09-24,1.4,1.63
Western Europe,2015-09-25,1.35,1.62
Western Europe,2015-09-26,1.83,1.62
Western Europe,2015-09-27,1.69,1.62
Western Europe,2015-09-28,1.43,1.61
Western Europe,2015-09-29,1.62,1.62
Western Europe,2015-09-30,1.54,1.6
Western Europe,2015-10-01,1.71,1.61
Western Europe,2015-10-02,1.68,1.61
Western Europe,2015-10-03,2.04,1.64
Western Europe,2015-10-04,1.6,1.62
Western Europe,2015-10-05,1.91,1.62
Western Europe,2015-10-06,1.68,1.61
Western Europe,2015-10-07,1.38,1.61
Western Europe,2015-10-08,1.6,1.62
Western Europe,2015-10-09,1.11,1.59
Western Europe,2015-10-10,1.42,1.59
Western Europe,2015-10-11,1.56,1.57
Western Europe,2015-10-12,1.56,1.56
Western Europe,2015-10-13,2.28,1.58
Western Europe,2015-10-14,1.52,1.59
Western Europe,2015-10-15,1.42,1.6
Western Europe,2015-10-16,1.39,1.6
Western Europe,2015-10-17,1.45,1.59
Western Europe,2015-10-18,1.45,1.58
Western Europe,2015-10-19,1.44,1.57
Western Europe,2015-10-20,1.84,1.58
Western Europe,2015-10-21,1.83,1.59
Western Europe,2015-10-22,1.3,1.6
Western Europe,2015-10-23,1.9,1.6
Western Europe,2015-10-24,2.29,1.63
Western Europe,2016-09-01,1.5,1.63
Western Europe,2016-09-08,1.0,1.6
Western Europe,2016-09-10,1.0,1.58
Western Europe,2016-09-17,1.0,1.57
Western Europe,2016-09-20,1.0,1.55
Western Europe,2016-09-26,1.0,1.53
Western Europe,2016-10-13,1.0,1.51
Western Europe,2016-10-14,3.0,1.55
Western Europe,2016-10-25,1.0,1.51
Western Europe,2016-11-19,3.56,1.58
Western Europe,2016-11-25,1.0,1.55
Western Europe,2016-11-28,2.0,1.56
Western Europe,2016-11-30,1.5,1.56
Western Europe,2016-12-05,1.0,1.54
Western Europe,2016-12-08,1.0,1.54
Western Europe,2016-12-13,1.0,1.53
Western Europe,2016-12-14,1.0,1.51
Western Europe,2016-12-16,2.0,1.52
Western Europe,2016-12-28,1.25,1.49
Western Europe,2017-01-03,2.0,1.5
Western Europe,2017-06-18,1.28,1.5
Western Europe,2017-06-19,1.3,1.5
Western Europe,2017-06-20,1.4,1.49
Western Europe,2017-06-21,1.73,1.5
Western Europe,2017-06-22,1.56,1.51
Western Europe,2017-06-23,1.64,1.5
Western Europe,2017-06-24,1.75,1.5
Western Europe,2017-06-25,1.98,1.52
Western Europe,2017-06-26,1.62,1.51
Western Europe,2017-06-27,1.33,1.48
Western Europe,2017-06-28,1.47,1.48
Western Europe,2017-06-29,1.6,1.5
Western Europe,2017-06-30,1.14,1.5
Western Europe,2017-07-01,1.93,1.54
Western Europe,2017-07-02,1.58,1.55
Western Europe,2017-07-03,1.27,1.56
Western Europe,2017-07-04,1.26,1.57
Western Europe,2017-07-05,1.92,1.54
Western Europe,2017-07-06,2.06,1.57
Western Europe,2017-07-07,1.44,1.5
Western Europe,2017-07-08,1.55,1.52
Western Europe,2017-07-09,1.74,1.51
Western Europe,2017-07-10,1.86,1.52
Western Europe,2017-07-11,1.51,1.54
Western Europe,2017-07-12,1.15,1.55
Western Europe,2017-07-13,2.0,1.58
Western Europe,2017-07-14,1.68,1.6
Western Europe,2017-07-15,1.82,1.6
Western Europe,2017-07-16,1.34,1.6
Western Europe,2017-07-17,1.66,1.59
Western Europe,2017-07-18,1.85,1.61
Western Europe,2017-07-19,1.39,1.61
Western Europe,2017-07-20,1.89,1.62
Western Europe,2017-07-21,2.14,1.64
Western Europe,2017-07-22,1.83,1.65
Western Europe,2017-07-23,1.58,1.65
Western Europe,2017-07-24,1.34,1.63
Western Europe,2017-07-25,1.34,1.61
Western Europe,2017-07-26,1.54,1.61
Western Europe,2017-07-27,1.3,1.61
Western Europe,2017-07-28,1.41,1.6
Western Europe,2017-07-29,1.47,1.6
Western Europe,2017-07-30,1.64,1.62
Western Europe,2017-07-31,1.76,1.61
Western Europe,2017-08-01,1.85,1.62
Western Europe,2017-08-02,1.99,1.64
Western Europe,2017-08-03,1.35,1.65
Western Europe,2017-08-04,1.63,1.64
Western Europe,2017-08-05,1.46,1.62
Western Europe,2017-08-06,1.68,1.62
Western Europe,2017-08-07,1.6,1.63
Western Europe,2017-08-08,1.89,1.63
Western Europe,2017-08-09,1.79,1.63
Western Europe,2017-08-10,1.74,1.64
Western Europe,2017-08-11,1.23,1.64
Western Europe,2017-08-12,1.48,1.62
Western Europe,2017-08-13,1.22,1.61
Western Europe,2017-08-14,1.72,1.6
Western Europe,2017-08-15,1.43,1.61
Western Europe,2017-08-16,1.53,1.6
Western Europe,2017-08-17,2.29,1.62
Western Europe,2017-08-18,1.53,1.62
Western Europe,2017-08-19,1.84,1.62
Western Europe,2017-08-20,1.57,1.6
Western Europe,2017-08-21,1.51,1.59
Western Europe,2017-08-22,1.59,1.59
Western Europe,2017-08-23,1.65,1.6
Western Europe,2017-08-24,1.77,1.62
Western Europe,2017-08-25,2.66,1.65
Western Europe,2017-08-26,1.77,1.67
Western Europe,2017-08-27,1.63,1.68
Western Europe,2017-08-28,1.49,1.68
Western Europe,2017-08-29,1.83,1.68
Western Europe,2017-08-30,1.56,1.68
Western Europe,2017-08-31,1.44,1.66
Western Europe,2017-09-01,1.59,1.65
Western Europe,2017-09-02,1.63,1.66
Western Europe,2017-09-03,2.25,1.68
Western Europe,2017-09-04,1.63,1.69
Western Europe,2017-09-05,1.89,1.69
Western Europe,2017-09-06,1.37,1.68
Western Europe,2017-09-07,2.06,1.69
Western Europe,2017-09-08,1.69,1.69
Western Europe,2017-09-09,1.47,1.68
Western Europe,2017-09-10,1.55,1.69
Western Europe,2017-09-11,1.77,1.7
Western Europe,2017-09-12,1.45,1.71
Western Europe,2017-09-13,1.24,1.69
Western Europe,2017-09-14,1.48,1.69
Western Europe,2017-09-15,1.59,1.69
Western Europe,2017-09-16,1.4,1.66
Western Europe,2017-09-17,2.09,1.68
Western Europe,2017-09-18,1.8,1.68
Western Europe,2017-09-19,1.55,1.68
Western Europe,2017-09-20,1.44,1.68
Western Europe,2017-09-21,1.76,1.68
Western Europe,2017-09-22,1.85,1.69
Western Europe,2017-09-23,1.41,1.68
Western Europe,2017-09-24,1.46,1.64
Western Europe,2017-09-25,1.21,1.62
Western Europe,2017-09-26,1.46,1.61
Western Europe,2017-09-27,1.35,1.61
Western Europe,2017-09-28,1.73,1.61
Western Europe,2017-09-29,1.71,1.61
Western Europe,2017-09-30,1.33,1.61
Western Europe,2017-10-01,1.8,1.61
Western Europe,2017-10-02,1.78,1.62
Western Europe,2017-10-03,1.56,1.6
Western Europe,2017-10-04,1.35,1.59
Western Europe,2017-10-05,1.4,1.57
Western Europe,2017-10-06,1.31,1.57
Western Europe,2017-10-07,1.36,1.54
Western Europe,2017-10-08,1.58,1.54
Western Europe,2017-10-09,1.38,1.54
Western Europe,2017-10-10,1.29,1.53
Western Europe,2017-10-11,1.89,1.53
Western Europe,2017-10-12,1.62,1.54
Western Europe,2017-10-13,1.44,1.55
Western Europe,2017-10-14,1.48,1.55
Western Europe,2017-10-15,1.19,1.53
Western Europe,2017-10-16,1.6,1.54
Western Europe,2017-10-17,1.67,1.53
Western Europe,2017-10-18,1.63,1.52
Western Europe,2017-10-19,1.9,1.53
Western Europe,2017-10-20,1.57,1.54
Western Europe,2017-10-21,1.59,1.53
Western Europe,2017-10-22,1.68,1.52
Western Europe,2017-10-23,1.73,1.54
Western Europe,2017-10-24,1.48,1.54
Western Europe,2017-10-25,1.43,1.54
Western Europe,2017-10-26,1.89,1.56
Western Europe,2017-10-27,1.35,1.56
Western Europe,2017-10-28,1.44,1.55
Western Europe,2017-10-29,1.58,1.54
Western Europe,2017-10-30,1.88,1.56
Western Europe,2017-10-31,1.52,1.55
Western Europe,2017-11-01,1.54,1.54
Western Europe,2017-11-02,1.83,1.55
Western Europe,2017-11-03,2.19,1.58
Western Europe,2017-11-04,1.6,1.59
Western Europe,2017-11-05,1.55,1.6
Western Europe,2017-11-06,1.89,1.61
Western Europe,2017-11-07,1.43,1.61
Western Europe,2017-11-08,1.48,1.61
Western Europe,2017-11-09,1.86,1.63
Western Europe,2017-11-10,1.67,1.62
